strategy_id,category,ranking,threshold,exit,sizing,max_positions,concentration,total_return,annualized_return,max_drawdown,sharpe_ratio,win_rate,avg_win,avg_loss,profit_factor,total_trades,trades_per_year,worst_single_trade,longest_losing_streak,years_profitable,year_2018,year_2019,year_2020,year_2021,year_2022,year_2023,year_2024,year_2025,consistency_score,sharpe_norm,dd_norm,return_norm,weighted_score
24,Cash Machine,CW,85,EP,SA,4,C2,331059.8900685939,3.8976583317919227,0.1918191172183365,3.7048580769163886,0.5848585690515807,0.10419107675836578,-0.025080377680441038,8.947103692223276,1202,150.25,-0.21990457452041323,13,8,1.851640218928599,0.8270092687173993,9.82582331615329,1.9172299862065398,3.233916713250732,6.9318745686999845,7.924108858153122,5.48125078721756,1.0,1.0,0.732439814208725,1.0,0.9464879628417451
21,Cash Machine,WP,85,EP,SK,3,C2,51.56722152165514,0.6409274414342494,0.06683385577649154,3.658803433063836,0.558974358974359,0.07305932861924833,-0.024168935107112845,3.3670517296418216,780,97.5,-0.032,10,8,0.5194939155187082,0.4492623275248615,0.4821245065426494,0.7873085957472021,1.1744544984975684,0.8798846799116524,0.31569866850017836,0.6680868722268563,1.0,0.9787620314204378,1.0,0.00013321625048736272,0.8447104902926825
23,Cash Machine,WP,90,EP,SK,3,C1,44.551415280721436,0.6118058747968622,0.07007107705153826,3.6074413681907105,0.5617198335644937,0.07402669190663735,-0.024026581704411628,3.4923592236297165,721,90.125,-0.032,9,8,0.4602136103174148,0.4088320975538886,0.6342736488630591,0.8246815520413087,0.9458938630029008,0.7481845053809524,0.3180881890236009,0.6275366591859304,1.0,0.9550765606685796,0.9930699706844875,0.00011202381773764886,0.8373999378767031
22,Cash Machine,WP,85,EP,SH,3,C2,746.9046052503212,1.2868136503764869,0.10738261135223388,3.6379533770723467,0.558974358974359,0.07305932861924833,-0.024168935107112845,3.262969302550325,780,97.5,-0.032,10,8,1.0151456817274291,1.000577240241523,0.9739500771116332,1.6333013529865594,2.540291006691993,1.784260699433077,0.5595003187363443,1.3068706553870668,1.0,0.9691470871501692,0.9131959044587131,0.0022336007589783746,0.8252609927931317
35,Growth,CR,80,ET,SH,5,C2,7677.4956172048915,2.059563826583334,0.20303139430331202,3.6103025541443974,0.7323943661971831,0.0859965688400907,-0.051535798263517583,5.227062618126545,1065,133.125,-0.31982139836481527,8,8,1.3368128017249359,0.8997102485887032,1.9987177825126055,1.658049806716189,1.401660799130679,4.317797889233174,3.294680043454692,2.641938826858823,1.0,0.9563959884678529,0.7084373125906027,0.023168626455621788,0.7842617536034271
149,ATR Stop,CW,90,EA15,SK,3,C1,122.52694021266932,0.8258715030287185,0.11018385144493983,3.2405881833827643,0.6326530612244898,0.11627993100137454,-0.04103914583491557,5.914122666584066,490,61.25,-0.13889754754677616,7,8,0.41786527793766703,0.30914019705842954,1.1106871147474613,0.6918062378202599,0.4315636011146595,1.222684500152429,1.6282442171170461,1.1369745565279632,1.0,0.7859032534727263,0.9071991948386824,0.0003475621167577222,0.7779677866534317
18,Cash Machine,CW,85,ET,SK,4,C2,1418.0386201579872,1.4774179327702823,0.18128696717842213,3.371405112783802,0.7463942307692307,0.08948996949199904,-0.05643964363280255,6.794873416252952,832,104.0,-0.3098682525160109,8,8,0.8937846305292527,0.4974054819189162,1.40374100092873,1.138881545459835,0.7581280335513056,2.660285428149093,2.9948951194480444,2.641816041592107,1.0,0.8462291099746014,0.7549863448072328,0.004260874886646312,0.763193677688094
95,Kelly Dive,CW,85,ET,SK,4,C2,1418.0386201579872,1.4774179327702823,0.18128696717842213,3.371405112783802,0.7463942307692307,0.08948996949199904,-0.05643964363280255,6.794873416252952,832,104.0,-0.3098682525160109,8,8,0.8937846305292527,0.4974054819189162,1.40374100092873,1.138881545459835,0.7581280335513056,2.660285428149093,2.9948951194480444,2.641816041592107,1.0,0.8462291099746014,0.7549863448072328,0.004260874886646312,0.763193677688094
112,Aggressive,MS,70,EM,SA,8,C2,1589.7695380617788,1.5130487199534657,0.16080407407576947,3.237457739588114,0.8202589489718203,0.08235873252855536,-0.07793753195244457,11.049794925577856,1313,164.125,-0.4235847274966643,9,8,0.658127819217251,0.8719889909722989,1.839540435187872,1.4111829421509006,0.8519783593326,1.9994381774801688,2.5843364280373478,2.6799987166497323,1.0,0.7844596581826677,0.7988347683802681,0.004779617252632517,0.7565988108096156
114,ATR Stop,WP,85,EA20,SK,3,C2,28.88998203980635,0.5291169652987431,0.09220492156053045,2.924483391565325,0.6720977596741344,0.08390528757180558,-0.04561144495447507,3.278538902395642,491,61.375,-0.1530902527075812,9,8,0.41935296672059974,0.4928625663405881,0.3828232797446076,0.908626403658622,0.578252956663222,0.7874680398937273,0.28960930118082473,0.4738827424467904,1.0,0.640132423978064,0.9456872994736369,6.471580219045013e-05,0.749180273259572
8,Cash Machine,WP,90,ET,SK,3,C1,25.989070984772034,0.5097272429682314,0.12001787351037142,2.917829664488852,0.6940418679549114,0.0649282510235598,-0.046576304091547234,3.1896846908827747,621,77.625,-0.35690287298961865,6,8,0.3022811403809813,0.2353935125223625,0.4747050603531928,0.8378307094754167,0.49346450424479893,0.6095611421687794,0.5609961330430031,0.6283667527717534,1.0,0.6370640765810126,0.8861471704595787,5.595310830531594e-05,0.7365038462034147
137,ATR Stop,CW,85,EA15,SK,3,C2,240.8200185313853,0.9858046863545775,0.10504613085621416,2.838851865244431,0.6074766355140186,0.1324050056268691,-0.04440281923999304,4.950982953863125,535,66.875,-0.21633414043583538,10,8,0.5012878713578159,0.21595869893774422,1.5904629022584782,0.6346576641582051,0.6255746866265268,1.9669236446305294,1.9716095860015521,1.075049452346314,1.0,0.6006436881353634,0.9181976874561717,0.0007048864243190417,0.733906192488723
138,ATR Stop,CW,85,EA20,SK,3,C2,203.38475054636314,0.9444915542526164,0.12211438160599516,2.882486875143471,0.6616379310344828,0.12975775280851207,-0.04750788571193737,5.824840277823919,464,58.0,-0.16457995735607672,9,8,0.40155976541697336,0.32004702416244424,1.4740031373297624,0.8915203588111231,0.5338676290462769,2.4562473071505293,1.2943200643131645,0.864639543399726,1.0,0.6207658493699973,0.8816591045139871,0.0005918068477179474,0.7316120542724545
50,Growth,CR,80,EM,SA,6,C2,3563.263066066486,1.7796890661449742,0.17005049384844056,3.0433617121937604,0.8385093167701864,0.08837654636959003,-0.0928888721574347,7.130755943874916,966,120.75,-0.4120910258558106,9,8,1.0877183639957062,0.9971217234165366,1.9144529084426725,1.4550836588527565,1.0494068021153855,2.980196237708699,3.4137094947827125,2.0436460557524776,1.0,0.6949528248562244,0.7790406441472191,0.010740889191731731,0.7311574684222597
110,Aggressive,CR,70,EM,SA,6,C2,2784.435938651454,1.6953281484071328,0.18262966782008566,3.0805436427674175,0.8263959390862944,0.08796136468219151,-0.08724141974266217,9.234046300776464,985,123.125,-0.4823823304808751,9,8,0.963773810506922,0.7046257571190728,2.1756893407538045,1.954477569262893,0.5630928490527116,2.012012331831669,3.8105678411201227,2.6241529366078753,1.0,0.7120991668359601,0.7521119800301289,0.008388309751168496,0.7297054341776911
125,ATR Stop,WP,90,EA15,SK,3,C1,22.51342294647602,0.48393364615491374,0.09228975279453068,2.749539480659562,0.6309751434034416,0.07792241954189658,-0.036821605017309016,3.4974525133235694,523,65.375,-0.15185529674284692,10,8,0.3003581282651582,0.3403148820305997,0.563199037619464,0.7500385358132875,0.6836290128143834,0.43909291005740525,0.31808235192709966,0.5546738075288407,1.0,0.5594575349289242,0.9455056983754901,4.5454323877161556e-05,0.7289723415559107
126,ATR Stop,WP,90,EA20,SK,3,C1,18.39189998140971,0.44861355713357987,0.08858185538912638,2.7335335644288907,0.6441048034934498,0.08360589611426589,-0.04410168647220563,2.994023827185481,458,57.25,-0.1530902527075812,5,8,0.3138978833974193,0.3291742217923175,0.4270677294978209,0.7413224300079579,0.5398540171616171,0.5640969586667279,0.32356565695164496,0.35676740713395283,1.0,0.5520764519900914,0.9534433200377577,3.3004564681425206e-05,0.7287127276897767
85,Position Count,CW,85,ET,SA,8,C2,1367.0557768751803,1.4661130168986731,0.1868103185111593,3.0458154896069134,0.7287104622871047,0.07919798557221461,-0.05835330022403022,4.456705139750871,1644,205.5,-0.5189431543185326,13,8,0.7158322630016893,0.7994729749098501,2.1432173341828094,1.1198896416531308,0.6302286430125588,2.400692448746743,2.482195828562292,2.316210757324541,1.0,0.6960843773608671,0.7431623193843211,0.004106872560961176,0.7232695891012253
34,Growth,CR,80,EM,SH,5,C2,6605.991912986351,2.0026206835014895,0.22353637485729258,3.1607459088099095,0.8358024691358025,0.09214872594832646,-0.07755260682674918,7.385669230562879,810,101.25,-0.334879531423144,7,8,1.066102524589784,1.0033057129834844,1.6520712329554468,1.906883191768494,1.5919403591481025,3.8704842503062986,3.7252922360954237,2.1679567200213548,1.0,0.7490842146776823,0.6645416056618119,0.019931967771943747,0.7231691699675745
41,Growth,PR,90,EM,SH,3,C1,2402.233851207508,1.6460588813711419,0.18554979484902495,3.021351995265596,0.815242494226328,0.09479341914553281,-0.07097569167338166,11.780586503941835,433,54.125,-0.3149624554672513,7,8,0.5820617065794946,0.4687965371828302,2.053612157478963,1.751959460679514,0.8994025455852523,2.1116373113535274,3.8001608926966854,3.0226115625561896,1.0,0.6848031062293262,0.7458607651157956,0.0072338035181289,0.72145800010821
151,ATR Stop,CW,90,EA25,SK,3,C1,70.62670506875092,0.7056282151925508,0.11443742807316706,2.75344555705006,0.7116883116883117,0.1168924175691958,-0.05970464711300138,5.068788451893084,385,48.125,-0.20224349643167044,6,8,0.4894945778837241,0.22928221078014643,0.9041734101515573,0.5732451088374135,0.362413431426003,1.610389464858585,0.9823712962280633,0.7687732414719206,1.0,0.5612588109938605,0.898093419167241,0.0001907886533509784,0.7199620048799159
16,Cash Machine,CW,90,EM,SK,3,C1,89.94773447155323,0.7573124490430723,0.13295524547188953,2.802634704037228,0.8142857142857143,0.09960664214338476,-0.09519848659736237,7.020815350776173,420,52.5,-0.4823823304808751,4,8,0.3968538504147472,0.24404071552281992,0.814729712775047,0.8408522009885564,0.5042673701950575,1.1989979983213064,1.1514555610554322,1.096423011560585,1.0,0.5839422468166096,0.8584516997637378,0.0002491510998343406,0.7177132743218753
82,Position Count,CW,85,EM,SK,8,C2,1172.9364668665617,1.419388289456744,0.18633896693663782,2.9754398469522334,0.8233333333333334,0.0867976709904079,-0.09360611578803181,7.0632391168238975,1200,150.0,-0.6533746951843786,9,8,0.8974157012707393,0.4848397810611589,1.7393589495463062,1.7416048683737988,0.5369938943400117,1.9613699066187356,2.9465964812892245,1.8791691303982563,1.0,0.6636308490640946,0.7441713576772935,0.003520502259173736,0.7152700591403585
150,ATR Stop,CW,90,EA20,SK,3,C1,59.217687779835074,0.6690352514594307,0.12007995697647303,2.732498753178987,0.6543778801843319,0.11343075566158774,-0.05264824432788204,4.269103686357925,434,54.25,-0.16457995735607672,6,8,0.3439818551120346,0.2469532240279544,0.8784438108615749,0.7412804720355679,0.24667903103736477,1.7242373867273306,0.9404704688803682,0.6158380097370024,1.0,0.551599251712925,0.886014266279253,0.00015632578146820343,0.7151261150513022
109,Aggressive,PR,70,EM,SA,6,C2,1617.0968196339866,1.5184049426740307,0.18107999223657315,2.928907524129116,0.8190954773869347,0.08341074958266137,-0.08268704478028462,9.023320572035653,995,124.375,-0.6533746951843786,9,8,0.6872318065217895,0.8292538919629171,1.5018939956625568,1.1865273178861058,1.0632132303627797,2.1800670891072778,2.8234102014035987,2.546507974741249,1.0,0.6421726001801085,0.7554294230810741,0.004862163941788863,0.7123583592525102
113,ATR Stop,WP,85,EA15,SK,3,C2,30.964047426457196,0.5419941311838432,0.11068622134288807,2.649648793909549,0.6073298429319371,0.08385996496839751,-0.03732942056002364,3.2814146009674148,573,71.625,-0.1295926349496798,12,8,0.344243062475204,0.41265100592163173,0.692938635839423,0.6849451394254127,0.5883936521627546,0.7827739780694005,0.4601805052331469,0.4455813446882375,1.0,0.5133932276382257,0.9061237545693229,7.098086848727214e-05,0.7095837049536942
84,Position Count,CW,85,ET,SA,5,C2,3037.813023382547,1.7248211233815898,0.2396437429229542,3.114857669763609,0.7271835132482827,0.0854301747586893,-0.055263292126126275,5.483729899302087,1019,127.375,-0.2588734759218927,8,8,1.0772124296296908,0.8477725666155373,2.258319282443804,1.5825225975507338,0.3294683919460546,2.8975041263635126,3.286137777140574,2.9995654246363403,1.0,0.7279229832032419,0.6300600168525413,0.009153678212622415,0.7093658009032121
115,ATR Stop,WP,85,EA25,SK,3,C2,17.78387797397091,0.4428565565187892,0.12023301700006533,2.6739610026000515,0.6912751677852349,0.07903029223550141,-0.049880792986895524,3.5307620425229613,447,55.875,-0.19582671480144404,9,8,0.35056519522851737,0.43128764776342665,0.22380906973239467,0.7362588525710547,0.3813716506787468,0.5755661434337451,0.37065967542315015,0.5321747249109181,1.0,0.5246047338203548,0.8856866054984767,3.116793107717704e-05,0.7082931797444457
97,Kelly Dive,CW,85,ET,SA,4,C2,5022.562576478308,1.9015260702344436,0.22185283769478967,3.0201063273592474,0.7413793103448276,0.08829622556610812,-0.05826287015781705,6.4232743796461484,812,101.5,-0.34429185727355904,8,8,1.2134819725292876,0.7664030897311911,1.0673305675226183,1.474025495861064,0.7848649247369937,3.812042488086055,4.527118700651159,4.034746402906381,1.0,0.6842286700022153,0.6681456107324049,0.01514895088472071,0.7069586322797429
80,Position Count,CW,85,EM,SK,6,C2,2511.707163224796,1.6608337146585628,0.1947600131955615,2.9162721783678287,0.8310160427807487,0.09057597751338166,-0.09221100096184301,9.61029318595109,935,116.875,-0.6533746951843786,7,8,0.9735313120210041,0.5588517549856316,1.1527944494977782,1.8496152052145347,0.9695322439339609,2.971663681245083,3.3403711975624955,2.544607618051145,1.0,0.636345846267316,0.7261441385027917,0.007564486225595755,0.7054499622012268
29,Growth,PR,80,EM,SA,5,C2,2468.5683723289435,1.6550801253773026,0.23235847255939926,3.037576880262619,0.8160493827160494,0.08920699543551916,-0.08121268810450069,9.435347863336519,810,101.25,-0.4120910258558106,7,8,0.820232341163833,0.7636617530593479,1.8141642944704843,1.2939727900521083,0.887381087100543,2.628506271816384,3.2433499659316283,2.8271466170909916,1.0,0.6922851659946128,0.6456558420684562,0.007434178190628892,0.7033175866409388
127,ATR Stop,WP,90,EA25,SK,3,C1,18.280371469300327,0.447569501998041,0.11217724114387721,2.5991211848695897,0.6919431279620853,0.08127243914647485,-0.04857667022047636,3.464605149826673,422,52.75,-0.17100769638573943,7,8,0.3393985473543317,0.2898003339641031,0.43763897068195345,0.6512225054673475,0.6209612970905338,0.49397394603716327,0.20187897924126874,0.5772671491299215,1.0,0.4900925638305391,0.9029318779402794,3.26676738934836e-05,0.7031144166967747
89,Kelly Dive,WP,85,ET,SK,3,C2,33.011126291350614,0.5540057691158904,0.15733388065925796,2.7558861621349755,0.710334788937409,0.06217320841667431,-0.04757363949312576,3.4460876993360463,687,85.875,-0.34223164355512403,11,8,0.43472196180635825,0.4097164987867079,0.26762639316780623,0.9769268015293804,0.5311695890109036,0.7612245303761818,0.3410553338881641,0.810016094145515,1.0,0.5623842891166423,0.8062635290560659,7.716441741775696e-05,0.7018603527529865
83,Position Count,CW,85,EM,SH,8,C2,1048.9721287586167,1.385872444674518,0.18710254811157842,2.862258613976785,0.8184873949579832,0.08744640679972084,-0.08941283295984057,7.008302041507326,1190,148.75,-0.3936429951486007,9,8,0.9059233468078909,0.585007286923461,1.322364054373113,1.7059297362929957,0.5377454596733984,1.909216409466402,2.932199217998177,1.8994682926385358,1.0,0.6114376440221789,0.7425367335730034,0.003146046949477814,0.7018386647625672
118,ATR Stop,WP,85,EA20,SH,3,C2,194.84564086395383,0.9341459321130698,0.18063392960180222,2.8321558614257363,0.6584362139917695,0.0822629258534082,-0.04514191680301653,3.1039558706253256,486,60.75,-0.1530902527075812,9,8,0.7981200316064181,1.0652900584306808,0.14065037124803337,1.900046901416324,1.1396271250096932,1.623681694376598,0.5087798993620145,0.8958389038773782,1.0,0.5975558449383699,0.7563843244835038,0.0005660130185453212,0.700750728084075
28,Growth,PR,80,EM,SH,5,C2,2483.20415444073,1.6570419454710317,0.23542786018381992,3.022908631574452,0.8159203980099502,0.0889183794730041,-0.0783825098331081,9.4526490207804,804,100.5,-0.35093700658433524,7,8,0.9110754039624895,0.9232536388720827,1.5457095312062799,1.1979623497055685,0.9081774102510347,2.6529493379870117,3.2406134579908423,2.827188271274398,1.0,0.6855209446545485,0.6390850999378925,0.00747838805297284,0.7003190143591616
134,ATR Stop,WP,90,EA20,SA,3,C1,136.74900666329674,0.8509132290327406,0.1441284688103016,2.690632456471719,0.6441048034934498,0.08360589611426589,-0.04410168647220563,2.819810432832551,458,57.25,-0.1530902527075812,5,8,0.556666819930661,0.674782282071035,0.8415252482726754,1.4575740053443376,1.0755936843328842,1.0216468954388969,0.5732607532975091,0.6781727497500398,1.0,0.5322927275574396,0.834532801824688,0.00039052228077399224,0.7000383205964136
130,ATR Stop,WP,90,EA20,SH,3,C1,136.74900666329674,0.8509132290327406,0.1441284688103016,2.690632456471719,0.6441048034934498,0.08360589611426589,-0.04410168647220563,2.819810432832551,458,57.25,-0.1530902527075812,5,8,0.556666819930661,0.674782282071035,0.8415252482726754,1.4575740053443376,1.0755936843328842,1.0216468954388969,0.5732607532975091,0.6781727497500398,1.0,0.5322927275574396,0.834532801824688,0.00039052228077399224,0.7000383205964136
10,Cash Machine,WP,85,ET,SK,4,C2,77.69337491752815,0.7258071797017693,0.15911971339982156,2.7430978496890615,0.6910299003322259,0.06201766720974866,-0.04527455070832302,3.607920908610143,903,112.875,-0.2737208182912153,14,8,0.5174407932920015,0.4696329555229406,0.368394838630701,1.4368879263222096,0.4626532791372373,1.084827749119298,0.591935851411612,1.144551872360525,1.0,0.5564869950504567,0.8024405363740074,0.00021213472825550866,0.699641676246654
152,ATR Stop,CW,90,EA30,SK,3,C1,55.08173350725634,0.6542558482588607,0.1246363561215768,2.5985564462487107,0.7111716621253406,0.12006329184603778,-0.06828098610629725,4.883267583051988,367,45.875,-0.2215284894570697,5,8,0.4608476009706435,0.1587331031857111,0.810689850836041,0.6077569179472511,0.4048762199389868,1.379947550191822,0.9960106911141973,0.6639156020788171,1.0,0.4898321362149377,0.8762602281811656,0.0001438324300603328,0.6977316545544766
76,Position Count,CW,85,EM,SK,2,C1,36.389683455724025,0.5725120190957094,0.1048334040783021,2.5248757436316938,0.821875,0.10452668502285238,-0.10608229739131243,7.096791274655418,320,40.0,-0.6533746951843786,3,8,0.312450983335413,0.09614238890872207,0.6802912914188728,0.5529828138544572,0.30917596716611695,0.9169767660982029,1.107293470094513,0.7870869773487994,1.0,0.4558544888769149,0.918653078880443,8.736992239297965e-05,0.6977073434836764
2,Cash Machine,WP,85,EM,SK,3,C2,29.030827327583925,0.5300157874662195,0.10930580167935862,2.5382710015410757,0.8218623481781376,0.06692535190667831,-0.07961225813415683,3.7425796185325426,494,61.75,-0.6533746951843786,4,8,0.4217944721337594,0.2882511314846443,0.5033479001208396,1.0187571457996496,0.5955922690786895,0.7316315910664954,0.3217832444226274,0.45345018854043184,1.0,0.46203167412462615,0.9090788657350961,6.514124927191673e-05,0.6973334628655665
86,Kelly Dive,WP,85,EM,SK,3,C2,29.030827327583925,0.5300157874662195,0.10930580167935862,2.5382710015410757,0.8218623481781376,0.06692535190667831,-0.07961225813415683,3.7425796185325426,494,61.75,-0.6533746951843786,4,8,0.4217944721337594,0.2882511314846443,0.5033479001208396,1.0187571457996496,0.5955922690786895,0.7316315910664954,0.3217832444226274,0.45345018854043184,1.0,0.46203167412462615,0.9090788657350961,6.514124927191673e-05,0.6973334628655665
122,ATR Stop,WP,85,EA20,SA,3,C2,163.76395548031692,0.892813288182122,0.18079147611518884,2.7939697540519957,0.6584362139917695,0.0822629258534082,-0.04514191680301653,3.1411200636172936,486,60.75,-0.1530902527075812,9,8,0.7277517757215581,0.8652763595987281,0.1398962248994624,1.7878417178807777,1.1396271250096937,1.620628341453998,0.5273099042081568,0.8929945424274952,1.0,0.5799464296712417,0.7560470593219463,0.0004721255158663952,0.6962668381095797
27,Growth,PR,85,EM,SK,4,C2,585.3959125262951,1.2183183248792857,0.192892097463391,2.823660948365348,0.8060413354531002,0.09939553256377472,-0.093743642217918,14.150207182807483,629,78.625,-0.6533746951843786,5,8,0.4097614302280197,0.2254668696674138,1.4799279348702745,1.0498297214864705,0.5672712725900011,1.7280629034143398,2.734851028923886,2.9266975183003745,1.0,0.593638439839326,0.7301428490273484,0.001745736358009314,0.6947000402190026
98,Kelly Dive,PR,85,EM,SK,4,C2,585.3959125262951,1.2183183248792857,0.192892097463391,2.823660948365348,0.8060413354531002,0.09939553256377472,-0.093743642217918,14.150207182807483,629,78.625,-0.6533746951843786,5,8,0.4097614302280197,0.2254668696674138,1.4799279348702745,1.0498297214864705,0.5672712725900011,1.7280629034143398,2.734851028923886,2.9266975183003745,1.0,0.593638439839326,0.7301428490273484,0.001745736358009314,0.6947000402190026
128,ATR Stop,WP,90,EA30,SK,3,C1,15.67836499240677,0.4215730586645925,0.11742459740199622,2.540334603041801,0.7270408163265306,0.07965024034496901,-0.05801351477103205,3.595277752395935,392,49.0,-0.23856317689530682,6,8,0.45740191489678517,0.2023701095744832,0.25209004937901014,0.5846572940668968,0.6237406191711876,0.6692235645847111,0.2852358152933423,0.3682152337304432,1.0,0.46298329811228434,0.8916986845290019,2.4807871985877362e-05,0.6940892826146693
129,ATR Stop,WP,90,EA15,SH,3,C1,168.34234551917046,0.899309306871912,0.14498479739672426,2.6329190071327693,0.6309751434034416,0.07792241954189658,-0.036821605017309016,3.4435851610827224,523,65.375,-0.15185529674284692,10,8,0.5207811852586266,0.7213415200393107,1.0983188889484263,1.4095473241544276,1.2796327432348855,0.8114401636181241,0.5422168765361943,1.0243358029667462,1.0,0.505678333847155,0.8326996301927814,0.0004859553195508611,0.6930324027982776
133,ATR Stop,WP,90,EA15,SA,3,C1,168.34234551917046,0.899309306871912,0.14498479739672426,2.6329190071327693,0.6309751434034416,0.07792241954189658,-0.036821605017309016,3.4435851610827224,523,65.375,-0.15185529674284692,10,8,0.5207811852586266,0.7213415200393107,1.0983188889484263,1.4095473241544276,1.2796327432348855,0.8114401636181241,0.5422168765361943,1.0243358029667462,1.0,0.505678333847155,0.8326996301927814,0.0004859553195508611,0.6930324027982776
5,Cash Machine,WP,85,EM,SV,3,C2,18.103750388442197,0.4459052325006445,0.09778413156642465,2.452759256204669,0.8218623481781376,0.06692535190667831,-0.07961225813415683,3.7189772849424094,494,61.75,-0.6533746951843786,4,8,0.35099466444255545,0.27355141386823845,0.4438402893948803,0.8337577092938986,0.5012704054431665,0.5855366142223568,0.26487077039124096,0.3713646435143654,1.0,0.4225981749436858,0.9337436954956577,3.213415996083977e-05,0.6924031029590472
43,Growth,CR,90,EM,SH,3,C1,3129.579242402074,1.7349732794852049,0.21953159643657225,2.8831167477200044,0.830316742081448,0.09624779199260916,-0.08414656088963009,6.413689129874904,442,55.25,-0.29482561839269217,4,8,1.1276038285025867,0.4793521232060014,1.1426305444550025,1.9713762469255989,1.104761604177868,3.3802385768590817,3.520955115996933,2.3647807404278733,1.0,0.6210563133247805,0.6731147705769358,0.00943087364226815,0.6913016634929225
6,Cash Machine,WP,90,EM,SK,3,C1,21.425179275702583,0.47516972400818447,0.11786452429081894,2.5148590208010635,0.8144104803493449,0.0678841649214644,-0.08330564436135335,3.3886617823570053,458,57.25,-0.3768332135892436,5,8,0.4212364378097706,0.2620101549128626,0.5484318697102184,0.4687324421751322,0.4539945704237378,0.783108220101784,0.37855916612558804,0.49731344811869915,1.0,0.451235305512297,0.8907569181259067,4.216709928512401e-05,0.6909665350681483
96,Kelly Dive,CW,85,ET,SH,4,C2,4574.644611712091,1.867850683123431,0.23342304317917717,2.92537284869237,0.7403245942571786,0.08874752185011824,-0.05898769891911978,6.428317167069778,801,100.125,-0.34429185727355904,8,8,1.3091486590636823,0.5089695335686932,1.0675438625882876,1.4975264521010865,0.8021981654074533,3.788476639621215,4.5619272513497275,4.034832595002852,1.0,0.6405425946131368,0.6433768796569702,0.013795938697708912,0.6908804153893346
19,Cash Machine,CW,85,ET,SH,4,C2,4574.644611712091,1.867850683123431,0.23342304317917717,2.92537284869237,0.7403245942571786,0.08874752185011824,-0.05898769891911978,6.428317167069778,801,100.125,-0.34429185727355904,8,8,1.3091486590636823,0.5089695335686932,1.0675438625882876,1.4975264521010865,0.8021981654074533,3.788476639621215,4.5619272513497275,4.034832595002852,1.0,0.6405425946131368,0.6433768796569702,0.013795938697708912,0.6908804153893346
121,ATR Stop,WP,85,EA15,SA,3,C2,135.83588829204862,0.8493750829260769,0.17656680447294562,2.7155078515366315,0.5857142857142857,0.08077028511228024,-0.0364654618454699,3.1191665331442975,560,70.0,-0.1295926349496798,12,8,0.5534171613819228,0.6325048215764886,0.5019844007672865,1.2730888938550815,0.8647221088240895,1.5564468108011855,0.8696351599830143,0.8189757560693585,1.0,0.5437639455411072,0.7650909571101001,0.000387764051853373,0.6890173424150748
20,Cash Machine,CW,85,ET,SA,4,C1,938.0984967466626,1.35282102912916,0.20647150142083817,2.816438541738057,0.7277167277167277,0.07753237135779995,-0.059361552104486924,4.361946274580767,819,102.375,-0.4000074014654631,7,8,0.916872371364456,1.0150997940809048,0.6595528184242627,1.587270962103692,0.7476355121204421,2.064685130646947,2.7453881360048897,1.7453822926271303,1.0,0.5903078474779929,0.7010729586748775,0.0028111343379492,0.6882132237551661
13,Cash Machine,CW,85,EM,SK,3,C2,261.78496935522736,1.0065503650215675,0.15976026663029452,2.6419192224736645,0.8145833333333333,0.1059517395815997,-0.09010551004366077,10.516262278474594,480,60.0,-0.6533746951843786,6,8,0.5280922590509485,0.1673216976434524,1.0575193978088402,0.8716801814748418,0.42196005797356273,2.029871332099753,2.0486041978558216,1.7584427324826963,1.0,0.5098287576617696,0.8010692823607148,0.0007682146142914318,0.6877862780797291
66,Position Count,WP,85,EM,SK,2,C1,7.465658827034932,0.3060433591459599,0.09054959419419875,2.374871712751503,0.8238805970149253,0.06434218272876183,-0.08853212634027784,3.5097525945964834,335,41.875,-0.6533746951843786,3,8,0.24332207534327033,0.14428829602248872,0.3364973225664123,0.5179232574186738,0.31270683686193257,0.3685725398531927,0.17202464791945538,0.36196808138449876,1.0,0.3866805548684206,0.9492309148773393,0.0,0.686516321692573
81,Position Count,CW,85,EM,SH,6,C2,3086.8345091425062,1.7302772607759191,0.24547190848525086,2.933807566202849,0.8290598290598291,0.09238432827840948,-0.08722719607483512,9.41072647979011,936,117.0,-0.543278084920236,7,8,0.9234599539974273,0.3010652022900904,2.8341606786352163,1.709190886083361,0.9069996256044863,2.8763260694245285,3.076612619456,2.59749714324537,1.0,0.644432240704822,0.6175834652761303,0.0093017559252305,0.6860200166202162
91,Kelly Dive,WP,85,ET,SA,3,C2,297.9146404849021,1.0391228831624555,0.1901908012387611,2.735349514637104,0.7096296296296296,0.06176877075235157,-0.046530531776105624,3.4822029505943966,675,84.375,-0.2588734759218927,11,8,0.8095965723784804,0.8328262253366923,0.7312759452656579,2.123922114265699,0.6797336789225432,1.228452106456682,0.6019464549718514,1.6466186718747613,1.0,0.5529138722855897,0.7359256054211937,0.0008773504141397196,0.6855451917177572
90,Kelly Dive,WP,85,ET,SH,3,C2,310.53624114150466,1.0496918390306438,0.1901908111589641,2.723708513110254,0.7096296296296296,0.06176877075235157,-0.046530531776105624,3.496056491291203,675,84.375,-0.2588734759218927,11,8,0.8471867039965739,0.8593948032739018,0.7330385067632397,2.0885931818358636,0.6861210547614023,1.23593944113144,0.6037173428307576,1.6687339912484536,1.0,0.5475456574003895,0.7359255841846788,0.0009154760997591668,0.6842088526019972
11,Cash Machine,WP,85,ET,SH,4,C2,243.18219316828487,0.988219132938754,0.2044281073525321,2.7499632191986736,0.6896551724137931,0.06227241778951127,-0.045202600431683206,3.599327661826708,899,112.375,-0.2737208182912153,14,8,0.703679701944002,0.7414844028883139,0.49895307429396474,2.0607690037537436,0.589816416835576,1.4159702173912092,0.7856386542334453,1.5555947275054018,1.0,0.5596529407561501,0.7054473216217851,0.0007120217734744241,0.6811095027794158
99,Kelly Dive,PR,85,EM,SH,4,C2,3265.4934230070994,1.7495411483230616,0.2323664575366028,2.825070437395253,0.810207336523126,0.09549790307911585,-0.08652239154514896,11.346725836252844,627,78.375,-0.543278084920236,7,8,0.7473648001957693,0.32205663273999785,2.222490799119882,1.5520289013028425,0.9875416438066582,2.417476363491937,4.366231677782003,3.355387347029133,1.0,0.5942884217136013,0.64563874835709,0.009841425478121177,0.6791760689215365
26,Growth,PR,85,EM,SH,4,C2,3265.4934230070994,1.7495411483230616,0.2323664575366028,2.825070437395253,0.810207336523126,0.09549790307911585,-0.08652239154514896,11.346725836252844,627,78.375,-0.543278084920236,7,8,0.7473648001957693,0.32205663273999785,2.222490799119882,1.5520289013028425,0.9875416438066582,2.417476363491937,4.366231677782003,3.355387347029133,1.0,0.5942884217136013,0.64563874835709,0.009841425478121177,0.6791760689215365
36,Growth,CR,85,ET,SA,4,C1,1620.8244124442724,1.5191294157270314,0.2326658493582961,2.828640661359241,0.7287933094384708,0.07823493623890836,-0.056136006332636795,4.000455510109614,837,104.625,-0.2975235089971958,7,8,0.880160714464703,0.8840854662331776,1.8723543091063375,1.734168363541809,0.7481685175188337,2.391773212896846,2.4516471002725306,1.7652975025760558,1.0,0.5959348203832324,0.6449978301359129,0.004873423768134892,0.6787142846882109
78,Position Count,CW,85,EM,SK,4,C2,866.4887532053093,1.3296087112556396,0.21678223772489263,2.769926556470579,0.8226837060702875,0.09890337531119063,-0.09049141513689259,10.318569154743715,626,78.25,-0.6533746951843786,6,8,0.7320072586554021,0.14596811880495952,0.841253967549128,1.3526640642216448,0.9871430216565027,2.9161297136243833,3.2398022793271846,1.8102557598844813,1.0,0.5688589772001912,0.6790004159659815,0.002594824961363222,0.6784040512374485
92,Kelly Dive,CW,85,EM,SK,4,C2,866.4887532053093,1.3296087112556396,0.21678223772489263,2.769926556470579,0.8226837060702875,0.09890337531119063,-0.09049141513689259,10.318569154743715,626,78.25,-0.6533746951843786,6,8,0.7320072586554021,0.14596811880495952,0.841253967549128,1.3526640642216448,0.9871430216565027,2.9161297136243833,3.2398022793271846,1.8102557598844813,1.0,0.5688589772001912,0.6790004159659815,0.002594824961363222,0.6784040512374485
135,ATR Stop,WP,90,EA25,SA,3,C1,93.87795203307095,0.7666302505399483,0.19003670258807803,2.6429664228388807,0.6858513189448441,0.07892257795714988,-0.04901190190304591,3.3048993160894837,417,52.125,-0.17100769638573943,7,8,0.6213682034019941,0.6090735650250174,0.32786070986425897,1.266098660017604,1.1618271948100736,0.9022889913174117,0.379101918100744,1.0457511602386873,1.0,0.5103116711443746,0.7362554896261895,0.00026102298861003793,0.6748681691596231
131,ATR Stop,WP,90,EA25,SH,3,C1,93.87795203307095,0.7666302505399483,0.19003670258807803,2.6429664228388807,0.6858513189448441,0.07892257795714988,-0.04901190190304591,3.3048993160894837,417,52.125,-0.17100769638573943,7,8,0.6213682034019941,0.6090735650250174,0.32786070986425897,1.266098660017604,1.1618271948100736,0.9022889913174117,0.379101918100744,1.0457511602386873,1.0,0.5103116711443746,0.7362554896261895,0.00026102298861003793,0.6748681691596231
116,ATR Stop,WP,85,EA30,SK,3,C2,13.043052576434228,0.3913381395363913,0.1198424266260162,2.3801473653180127,0.684964200477327,0.08017369162719172,-0.054876364354008146,3.0475538745162285,419,52.375,-0.23856317689530682,9,8,0.35487500586550835,0.4104364848595914,0.1002507505525656,0.6807689766705214,0.3983849094382137,0.6129877354138151,0.2941662732050254,0.4041795609922165,1.0,0.38911340710809794,0.8865227555520371,1.684746384003448e-05,0.674585430007008
74,Position Count,WP,85,EM,SK,8,C2,265.33799116913593,1.009921704267012,0.18355625365990044,2.61486219323857,0.8167330677290837,0.06921975075314854,-0.08200119415106258,3.354394830904924,1255,156.875,-0.6533746951843786,11,8,0.631178157694108,0.7508794499357121,1.0129617799924406,1.494172351245083,1.1228534709568816,1.6091187662061017,0.7020171936108708,0.8847789389928709,1.0,0.4973514852592085,0.7501284063143772,0.0007789471193327202,0.6744803946455774
42,Growth,PR,90,ET,SA,3,C1,789.8822299266344,1.302841127957802,0.2013748320979195,2.6657074211779728,0.6934673366834171,0.08200121319585332,-0.0540565457817242,4.388589436103823,597,74.625,-0.3295818320223294,5,8,0.33329396570464764,0.21359174235368283,1.66302404569899,1.4943095016039782,0.7668616459913888,3.2637331885794563,1.9460748399918812,2.16935136333595,1.0,0.5207986181228332,0.7119835714561399,0.0023634219640426115,0.6729508821165427
12,Cash Machine,WP,85,ET,SA,4,C2,203.90382011431586,0.9451081650182351,0.20138703584329476,2.662414392171754,0.6835016835016835,0.06275737705083197,-0.04543361742563796,3.5369950460859574,891,111.375,-0.30994223826714795,14,8,0.6908131723004161,0.6945519306096521,0.5042495623226968,2.0726804956528593,0.3777204667144567,1.4080897473520677,0.7856386504895176,1.5555947275055724,1.0,0.5192800471229233,0.7119574464847449,0.0005933747853908951,0.6723005072954884
48,Growth,MG,80,EM,SH,5,C2,2376.3031178968336,1.6424730698693844,0.27841719680196303,2.9376245860521455,0.8402948402948403,0.08341364795023397,-0.09603888527065625,7.204595183747183,814,101.75,-0.5385838570792301,10,8,1.1256280596823873,0.9923840435426166,1.617248436108806,1.360388036526842,1.8951599363384184,1.736029163756565,2.2115283515111206,2.3372318269585515,1.0,0.6461924485980035,0.5470563698308153,0.007155475339874635,0.6720327074166451
139,ATR Stop,CW,85,EA25,SK,3,C2,117.21145732399637,0.8158603528168791,0.17919189700391674,2.5704161195559445,0.7129411764705882,0.12313634193530056,-0.06687953866804369,3.715480069291987,425,53.125,-0.2060440568278819,7,8,0.3967691995007965,0.3556232233906045,1.331529808495738,0.8432094882462648,0.37306689734000575,1.7715091780755379,1.5208172367659687,0.4424843429769112,1.0,0.4768553042578177,0.7594713325463451,0.00033150579909700754,0.671157818443588
39,Growth,MS,80,EM,SH,5,C2,1592.7719315949164,1.5136411170695565,0.2505345459304715,2.8246916416333043,0.8134517766497462,0.08831869218010162,-0.07989418065161207,9.228391355313091,788,98.5,-0.35258569818164,7,8,0.7137045038145076,0.9424857278478755,1.4697255266797131,1.2778810455278502,0.48996736170139843,2.188570627192025,3.345087596565585,2.85023191073194,1.0,0.59411374112078,0.606745705689034,0.0047886864915559005,0.6705958793917353
44,Growth,CR,90,ET,SH,3,C1,1114.8373288556763,1.4040866165562065,0.25582863719503557,2.778892031036638,0.7242582897033158,0.0824443739399794,-0.06012440306304891,4.675675114454581,573,71.625,-0.4000074014654631,5,8,0.9047934558806416,0.2981441212654521,1.4924129880551136,1.8112796149751498,0.49702072980852585,2.1725559418375124,2.6583431277636986,2.537608379511822,1.0,0.5729933804048807,0.5954124650652839,0.0033450039582189244,0.6628325887080098
25,Cash Machine,WP,85,EM,SA,3,C1,219.10760391180835,0.9625890921805769,0.17567231691260934,2.4846237807688945,0.8195020746887967,0.06935865832679743,-0.0844753338364943,3.9564456989495036,482,60.25,-0.543278084920236,5,8,0.725216909624463,0.750078608632454,1.132539128795099,1.0526663200755197,0.5002572525191502,1.6931878950775632,0.7823910496818096,1.1476498009711125,1.0,0.43729241020179216,0.7670058169509375,0.0006393003931691776,0.6628201609996109
67,Position Count,WP,85,EM,SH,2,C1,63.626389108660646,0.6838416063991268,0.14920839771524813,2.384090455797294,0.8254437869822485,0.06345918989532966,-0.0868920647274034,3.424126136719456,338,42.25,-0.34144826045680454,3,8,0.5362518252642157,0.40477186108304397,0.6410459477217583,1.263074005221978,0.6974613580505864,0.8511660689494236,0.36119157045555905,0.8095223805474321,1.0,0.3909317521152477,0.8236580258236282,0.00016964301162196484,0.6624899896452809
77,Position Count,CW,85,EM,SH,2,C1,827.4278752780968,1.316230830086373,0.17785565588904825,2.4814454333957663,0.8153846153846154,0.10413911792109436,-0.109910830301699,4.963529841969669,325,40.625,-0.34144826045680454,3,8,0.7028635936420049,0.35250573783811223,1.4051050364532047,1.368370171064623,0.8916323549720204,1.5815103508405652,3.8789204098333547,1.4383609779436304,1.0,0.435826724312188,0.7623318691954805,0.0024768349542009004,0.6617945801602733
70,Position Count,WP,85,EM,SK,5,C2,147.22604037205343,0.8679513602449729,0.18541190120212175,2.5110799414308405,0.8141592920353983,0.0674294788735206,-0.08835953644973955,3.794541246906279,791,98.875,-0.6533746951843786,8,8,0.7073585379733849,0.4408875697771977,0.900342615788666,1.3375550647936345,0.6451020766471747,1.4010798416490315,0.5271041961991674,1.1922829482854116,1.0,0.4494925937635877,0.7461559587198991,0.0004221699381727749,0.6616676656756028
140,ATR Stop,CW,85,EA30,SK,3,C2,129.12269096462543,0.8377825752925383,0.18221823197125753,2.478323835219117,0.715,0.1296576027669067,-0.06670765667261046,5.504615805122197,400,50.0,-0.2571852698993596,7,8,0.3808133035713388,0.2876436517709682,0.6339626039495758,0.8125458079416401,0.41421094388772706,2.2615528941722696,1.8159013882360808,0.8199533391829539,1.0,0.43438720815381865,0.7529927546981474,0.0003674857006544892,0.6592504758331823
157,ATR Stop,CW,90,EA15,SA,3,C1,1143.4701806472017,1.4117126434951106,0.29118983949551874,2.805429089914974,0.620253164556962,0.11330710068739169,-0.04219833304777023,5.473605036411993,474,59.25,-0.15272740281421415,11,8,0.7308822360427474,0.6366713748733639,0.7878366668120105,1.2522426741118338,0.7044418106364476,2.5234635488033827,3.6823459747892304,2.338979330786426,1.0,0.5852308699500496,0.5197135406627261,0.003431494343669431,0.650765149771608
153,ATR Stop,CW,90,EA15,SH,3,C1,1143.4701806472017,1.4117126434951106,0.29118983949551874,2.805429089914974,0.620253164556962,0.11330710068739169,-0.04219833304777023,5.473605036411993,474,59.25,-0.15272740281421415,11,8,0.7308822360427474,0.6366713748733639,0.7878366668120105,1.2522426741118338,0.7044418106364476,2.5234635488033827,3.6823459747892304,2.338979330786426,1.0,0.5852308699500496,0.5197135406627261,0.003431494343669431,0.650765149771608
72,Position Count,WP,85,EM,SK,6,C2,152.5967828092087,0.8762804995165792,0.1982608700628651,2.438430617663994,0.8173913043478261,0.06745231675736509,-0.08896697451960763,3.74434097239211,920,115.0,-0.6533746951843786,8,8,0.6693654848406687,0.7000984131129537,0.8038622254570873,1.63942984085794,0.41516037633358827,1.240903749831928,0.5202720903934586,1.2637216633125696,1.0,0.41599056386131517,0.7186497355384849,0.0004383931766726311,0.6477933470495266
69,Position Count,WP,85,EM,SH,4,C2,199.32023620746597,0.9396153076428435,0.16361959474189797,2.308712095288031,0.8129952456418383,0.06787438215054725,-0.08165966569894366,3.0352592824291404,631,78.875,-0.543278084920236,6,8,0.6815146776227488,0.6251171112720033,1.231180959591323,1.9937255909770792,0.8386734141655787,1.2215931951458372,0.4697406125040857,0.7764498804981868,1.0,0.3561712346482146,0.7928074878526434,0.0005795292927471788,0.6476912356264944
75,Position Count,WP,85,EM,SH,8,C2,245.29306183699637,0.9903594825030051,0.21554188029649782,2.49999753488168,0.8110749185667753,0.06992360558330891,-0.08228684508567385,3.2747110646687783,1228,153.5,-0.3768332135892436,11,8,0.6330340995263957,0.7619276461907112,0.8283647433392112,1.530460132595973,1.1708070845832106,1.6531740974897122,0.6723596240288907,0.8307720382632287,1.0,0.4443819733703315,0.6816556911573153,0.0007183980103271673,0.647534391275595
119,ATR Stop,WP,85,EA25,SH,3,C2,96.56354480785154,0.7728049121618932,0.1889912467161609,2.3939260863578284,0.6727272727272727,0.08034753778766018,-0.05030329195105184,3.133017502172253,440,55.0,-0.19582671480144404,9,8,0.5602577613957054,0.844623035457686,0.4006585581613247,1.5040329751559436,0.5835969044990112,1.0868375815792222,0.6802689235467874,0.753910613688588,1.0,0.3954674252923888,0.7384935324489977,0.00026913527710805676,0.646605933104463
100,Kelly Dive,PR,85,EM,SA,4,C2,3953.2428593174686,1.8160017306616298,0.2791663191864126,2.7133499552705627,0.8122977346278317,0.09873459066016559,-0.08592725388341162,11.720619499789223,618,77.25,-0.543278084920236,7,8,0.7162602580746786,0.19970092069880208,2.209468984390685,1.5175095977169293,1.0745207169170716,4.016641687046661,3.8900939074901926,3.3558072204172493,1.0,0.5427688377894666,0.5454526981494388,0.011918889304391464,0.6465705824729131
33,Growth,CR,85,EM,SA,4,C2,5528.164412374117,1.9365164497389302,0.2664710811138566,2.6590020429359327,0.8316993464052288,0.0998966625861362,-0.09265420828691809,6.909706138271818,612,76.5,-0.543278084920236,8,8,0.8667032865894186,0.3856003152879781,1.9546507773142947,2.1335587661960687,1.5986954309584043,3.970134500177231,3.869073496247105,2.3360738383214295,1.0,0.5177064519370635,0.5726298246215713,0.016676206988636113,0.6464540089568755
108,Aggressive,CR,80,EM,SH,8,CN,3357.004973876128,1.7590537861798627,0.23753818234464466,2.5554653651150416,0.8120481927710843,0.09749675337626279,-0.08489319669738034,4.186103015443979,1245,155.625,-0.3539092020021092,11,8,1.0323859429237405,0.49469972508316307,1.257029914700782,1.9240549298208922,1.6031493033274669,5.79345814755475,1.9390647246073685,1.9124029922488308,1.0,0.46996080618997416,0.6345674617546702,0.01011785163942232,0.645921371644341
103,Aggressive,CR,70,EM,SH,6,CN,1658.6916162109933,1.5264076343413038,0.25529380629226994,2.6239677882290735,0.8171368861024033,0.08879652196906813,-0.0911921321208364,4.057033672275696,957,119.625,-0.4620506815158899,7,8,1.1384344557864399,0.6322214914529565,0.9467736413754959,2.208616811709875,1.569019255751562,2.400147986434414,1.4997144598608072,2.1377842299175636,1.0,0.5015505046007904,0.5965573957079859,0.004987808080028195,0.6454472765037991
32,Growth,CR,85,EM,SH,4,C2,5279.229775410068,1.919655447037235,0.2664710811138564,2.6508928636137488,0.8284313725490197,0.09926437017934886,-0.0920943614097766,6.921258536018382,612,76.5,-0.543278084920236,8,8,0.8925166273338738,0.25957100154836854,1.9600804891172352,2.255328226865722,1.5717004511964126,4.013444388121894,3.8535431731577265,2.336421240268251,1.0,0.513966926858942,0.5726298246215715,0.01592425769417656,0.6454063352931764
107,Aggressive,PR,80,EM,SH,8,CN,6496.701444854159,1.9963667494118855,0.2796267921474566,2.689901765165563,0.8196850393700787,0.09938842343399214,-0.0794419155709281,8.279292003330177,1270,158.75,-0.33522901090748924,10,8,0.855720032827409,0.6221791991213335,1.5532317918103837,1.8485745923684216,1.023290334654825,5.672510473024766,4.986980781263088,2.511234878472521,1.0,0.5319557713310232,0.5444669480730898,0.019601837375445227,0.6448226080536907
123,ATR Stop,WP,85,EA25,SA,3,C2,86.71877436364429,0.7493897168996768,0.18875566263181648,2.37473853908522,0.6727272727272727,0.08034753778766018,-0.05030329195105184,3.138250215193259,440,55.0,-0.19582671480144404,9,8,0.545199355056081,0.6989562011155042,0.40023177129473386,1.4441763454544585,0.5894247922610589,1.1069852961993436,0.6763018260076912,0.7487942463527417,1.0,0.3866191422093802,0.7389978552839425,0.00023939747814235066,0.644490266230855
104,Aggressive,CR,70,ET,SH,8,CN,6668.443312228565,2.006153814697156,0.27488715593880486,2.648403271165138,0.7291910902696366,0.09433268647056532,-0.06515495479853105,4.444025633469468,1706,213.25,-0.304973235176625,16,8,0.9867197932051366,0.2894881287579276,1.6833073121690223,1.9765409055225307,1.2386161364421908,5.556612291631368,5.312632703534567,2.2522435005709207,1.0,0.5128188583521309,0.5546132479642972,0.020120612816164642,0.642145456103317
142,ATR Stop,CW,85,EA20,SH,3,C2,1751.292057141833,1.54361168583285,0.2297246572014903,2.494017763628697,0.6599099099099099,0.11798856438980317,-0.04703210921094425,4.596334493886353,444,55.5,-0.19813184418414598,7,8,0.7323331593554339,0.4919911780578412,1.9672127182925472,1.8938239717371914,0.43188264002334287,5.935429497704547,2.8086507109899053,0.9454831352421762,1.0,0.4416244187925475,0.6512941398835144,0.0052675234184551434,0.641455061187608
117,ATR Stop,WP,85,EA15,SH,3,C2,116.20740325084813,0.8139252260289667,0.24836921792057146,2.550293583140065,0.5824372759856631,0.07960609328055365,-0.03730077619448371,3.0886602646102546,558,69.75,-0.287316729025893,15,8,0.5907500560766059,0.3197562820313302,0.5055446148154104,1.370978694161899,0.8647221088240895,1.5323239016001708,0.8696351599830143,0.815773798744371,1.0,0.46757585357940673,0.6113810967579039,0.0003284728834645715,0.6392194536789522
88,Kelly Dive,WP,85,EM,SA,3,C2,199.8242995227816,0.940224715806282,0.1756932220151351,2.2741043396894876,0.801255230125523,0.06848315642664948,-0.07657021005056426,3.2252133162263474,478,59.75,-0.543278084920236,4,8,0.7882811786862736,0.5738486746425648,0.7268500189104699,2.239857560570853,0.8668256492516206,1.554906383887317,0.5979901495332176,0.6590493448601857,1.0,0.34021196616783744,0.7669610646893408,0.0005810519014887227,0.6385323622650508
17,Cash Machine,CW,90,ET,SH,3,C1,1487.4923228816745,1.4922598716524762,0.254416740794649,2.559858157546439,0.7223198594024605,0.08575003380648072,-0.05771254923411538,5.301713326250574,569,71.125,-0.3321979315263909,7,8,0.9658635948675374,0.268408407980657,1.691690591732523,1.998515952537384,0.41558647642834323,2.4789292545636346,2.6511933160213883,2.987587815407396,1.0,0.471986529978725,0.5984349595486134,0.004470671576241672,0.6383542251408402
68,Position Count,WP,85,EM,SK,4,C2,60.17607620640004,0.6723327786957596,0.16833291173676906,2.243783564231587,0.8233438485804416,0.06788123739267952,-0.09414940976897852,3.1494110943897144,634,79.25,-0.6533746951843786,6,8,0.5380941988486561,0.2875998160859956,0.7852708222456115,1.3502699364104198,0.6197449342736283,0.9364010637548441,0.38088672588746575,0.6685857687552219,1.0,0.32622962643800446,0.7827175303945181,0.00015922075626947146,0.6381247958018451
71,Position Count,WP,85,EM,SH,5,C2,144.84029707555413,0.8641664713142261,0.18748372537817404,2.3012988839902397,0.80970625798212,0.06697029698733513,-0.08588657560405469,3.4036058314349558,783,97.875,-0.543278084920236,8,8,0.6715975935853145,0.5997861505107083,0.9663541064333867,1.8103785644842705,0.4536810874932271,1.0685100566490844,0.5358958521824786,1.0890834545528363,1.0,0.3527526532534651,0.7417207344776446,0.0004149633958834295,0.6365945547182777
146,ATR Stop,CW,85,EA20,SA,3,C2,1570.1673226282123,1.5091568175866046,0.22949507219239249,2.442969924462281,0.6584269662921348,0.118811932078671,-0.04903187128866243,4.644075699720474,445,55.625,-0.24585093876619302,10,8,0.6951436990075099,0.3667293138390597,1.9303027060308948,1.945205572450953,0.4117693165316938,5.927261913884922,2.8712257056873223,0.945483135242176,1.0,0.41808385233540835,0.6517856202947282,0.004720405436049342,0.6355861479582051
111,Aggressive,MG,70,EM,SA,6,C2,2476.4673150346766,1.656140180899528,0.3198897084689009,2.733314691885444,0.8313840155945419,0.08613304240922848,-0.09627149914824339,6.7179304489710505,1026,128.25,-0.6533746951843786,11,8,1.1966024534907258,0.8006186213273496,2.773521260794044,2.04637366716995,0.5812838595751293,2.5114496275632203,2.3144240693623317,1.871607321345373,1.0,0.5519755195365579,0.4582747583125659,0.00745803828686536,0.6307675372896825
73,Position Count,WP,85,EM,SH,6,C2,138.4599371282589,0.8537714237294813,0.23557910021579176,2.409609539489657,0.808695652173913,0.06637444526543694,-0.08291767338275742,3.8621039264163093,920,115.0,-0.543278084920236,9,8,0.6376392822838164,0.40180889268220943,0.8495762947093757,1.6062094526968385,0.40110814726986965,1.2770086004979606,0.6680033943997408,1.262844625638075,1.0,0.40269980528644994,0.6387613352748704,0.00039569043644605104,0.6284865719420536
9,Cash Machine,WP,90,ET,SH,4,C1,104.81675504003212,0.7908916225876437,0.23507324202243376,2.3368835312838456,0.67875,0.06275427523003664,-0.048913163660990855,2.6494388403521816,800,100.0,-0.41523332614735065,9,8,0.3596360156842129,0.5241360295664665,0.514407431243886,1.4537845886863825,0.6827436425470286,1.1880926381816566,0.917526603468706,0.9107625602383593,1.0,0.3691624125723295,0.6398442430564562,0.00029406549849790223,0.6203035615791482
49,Growth,PR,80,EM,SH,6,CN,6297.581837550777,1.9847320363145808,0.28500901133468753,2.494801548157341,0.820675105485232,0.10063682573951392,-0.08254231897765149,7.319200740177524,948,118.5,-0.33431022197862426,8,8,0.999634512905633,0.5499235899607395,0.9822572427930214,2.0716270825623595,0.9295790508515922,6.080457894297241,5.916288747525594,2.3346200452735,1.0,0.44198585880814684,0.5329450490180166,0.019000362827544266,0.6199355289297717
155,ATR Stop,CW,90,EA25,SH,3,C1,460.9028153790349,1.1531229305443378,0.24567152245980678,2.3540634848915785,0.6868421052631579,0.11332764522777099,-0.062041800522932726,3.9395180122590245,380,47.5,-0.20224349643167044,6,8,0.9032031917899259,0.4729844891182369,0.6334573726142896,1.0658919052722147,0.46647731039246,3.559424012110556,2.103018856002244,1.1937509829945183,1.0,0.37708489952256014,0.6171561448744878,0.0013696838419486968,0.6179079064318299
159,ATR Stop,CW,90,EA25,SA,3,C1,460.9028153790349,1.1531229305443378,0.24567152245980678,2.3540634848915785,0.6868421052631579,0.11332764522777099,-0.062041800522932726,3.9395180122590245,380,47.5,-0.20224349643167044,6,8,0.9032031917899259,0.4729844891182369,0.6334573726142896,1.0658919052722147,0.46647731039246,3.559424012110556,2.103018856002244,1.1937509829945183,1.0,0.37708489952256014,0.6171561448744878,0.0013696838419486968,0.6179079064318299
7,Cash Machine,WP,90,EM,SH,3,C1,112.10336346126437,0.8058615035201455,0.19708097424768675,2.1688644486678514,0.8072562358276644,0.06830922739116808,-0.08459214462122452,3.0154708628613567,441,55.125,-0.3370728451734776,5,8,0.7770696700990964,0.5321159365657118,1.0951243084861084,0.8537447696471949,0.6051753875425241,1.0822805175123267,0.7112106279288224,0.7801667067257889,1.0,0.29168088847695695,0.7211755785049403,0.0003160759351658213,0.6172027492105021
106,Aggressive,MS,70,EM,SH,6,CN,3553.8909841490836,1.7787743787397527,0.30604332331213785,2.5561592081672915,0.8133333333333334,0.09475379941988275,-0.08194720008648276,15.088277543687724,975,121.875,-0.356562884101875,10,8,0.9676368250020884,0.5834944263521442,1.160736915309216,2.1102734823329303,0.4946341589759342,3.4615209954561577,3.7766634010584523,4.056603068441299,1.0,0.4702807699484609,0.4879161843682682,0.01071257922863718,0.6167603162450644
15,Cash Machine,CW,85,EM,SA,3,C2,2797.2195096429487,1.6968713060151033,0.2550649195284718,2.3611907491116244,0.8095238095238095,0.10320496022721068,-0.1006446467977614,4.644486375735563,462,57.75,-0.543278084920236,6,8,0.9037493557448528,0.4102555807562973,2.129788148446484,1.7290430932508816,0.8978865906148379,4.309330333488798,2.6466123003746223,2.0771775657943055,1.0,0.3803716172322485,0.5970473813618182,0.008426924695657385,0.6157664192847744
14,Cash Machine,CW,85,EM,SH,3,C2,2021.2369886776191,1.5895780560673427,0.25531590780039365,2.364911492564764,0.7934065934065934,0.10193554103288395,-0.09198374084932481,4.604362958995846,455,56.875,-0.34429185727355904,6,8,0.9300008450981192,0.31153968286383193,2.211678649198793,1.8280739076492196,0.9267513912147658,2.7588400782910076,2.640729792434848,2.077177565794307,1.0,0.38208742753801006,0.596510082260371,0.006082937871368668,0.615736314017282
136,ATR Stop,WP,90,EA30,SA,3,C1,82.22519306499174,0.7379282847580935,0.26402223685613396,2.388421862643372,0.7194805194805195,0.07942304373226701,-0.05615248491509775,3.4196168753538663,385,48.125,-0.23856317689530682,8,8,0.8705176486503161,0.1533207789398845,0.46097717184719667,1.1890077147096552,1.115582338636191,1.2542799525303638,0.4857561616217596,0.6606227577723025,1.0,0.39292916811518064,0.5778721485324991,0.00022582385364265355,0.6138405953133413
132,ATR Stop,WP,90,EA30,SH,3,C1,82.22519306499174,0.7379282847580935,0.26402223685613396,2.388421862643372,0.7194805194805195,0.07942304373226701,-0.05615248491509775,3.4196168753538663,385,48.125,-0.23856317689530682,8,8,0.8705176486503161,0.1533207789398845,0.46097717184719667,1.1890077147096552,1.115582338636191,1.2542799525303638,0.4857561616217596,0.6606227577723025,1.0,0.39292916811518064,0.5778721485324991,0.00022582385364265355,0.6138405953133413
101,Aggressive,PR,70,EM,SH,6,CN,5581.502032465478,1.9400425189503747,0.28890423694742456,2.4381106589375987,0.8045977011494253,0.10369059297675617,-0.08219421368727811,7.137462986543749,957,119.625,-0.33522901090748924,7,8,0.7457062681144249,0.8091026778214714,1.0798868459259379,2.002803428473897,0.9282610771456932,4.820399602966689,6.018647340752776,2.334553921945299,1.0,0.41584301580080474,0.5246064075124517,0.016837322317081318,0.6114076338002538
158,ATR Stop,CW,90,EA20,SA,3,C1,284.35395964524673,1.0273231887450973,0.24922541959592104,2.3005181176934113,0.6244131455399061,0.10920490712323527,-0.05252634904578908,4.08190766818183,426,53.25,-0.1798413577929392,7,8,0.5318415731868631,0.48907527803920003,0.625430560254346,1.4600582637887758,0.12606690251648378,4.045373509353878,1.464451066010219,1.208737098734204,1.0,0.3523926050869195,0.6095481968088332,0.0008363880775435363,0.6101332488451281
154,ATR Stop,CW,90,EA20,SH,3,C1,284.35395964524673,1.0273231887450973,0.24922541959592104,2.3005181176934113,0.6244131455399061,0.10920490712323527,-0.05252634904578908,4.08190766818183,426,53.25,-0.1798413577929392,7,8,0.5318415731868631,0.48907527803920003,0.625430560254346,1.4600582637887758,0.12606690251648378,4.045373509353878,1.464451066010219,1.208737098734204,1.0,0.3523926050869195,0.6095481968088332,0.0008363880775435363,0.6101332488451281
3,Cash Machine,WP,85,EM,SH,3,C2,182.4539531363546,0.9184075913850214,0.23027556336855853,2.2170136899305715,0.7978947368421052,0.06751923995608722,-0.0745713607380253,3.2381618285169136,475,59.375,-0.35093700658433524,4,8,0.8011782492086055,0.46864582384250464,0.6967378540654741,2.2362123964212333,0.8995706345744368,1.4922840943599196,0.5970224536628654,0.6697440959137855,1.0,0.31388477472003196,0.6501147963776169,0.000528581823925036,0.6085734402291202
87,Kelly Dive,WP,85,EM,SH,3,C2,182.4539531363546,0.9184075913850214,0.23027556336855853,2.2170136899305715,0.7978947368421052,0.06751923995608722,-0.0745713607380253,3.2381618285169136,475,59.375,-0.35093700658433524,4,8,0.8011782492086055,0.46864582384250464,0.6967378540654741,2.2362123964212333,0.8995706345744368,1.4922840943599196,0.5970224536628654,0.6697440959137855,1.0,0.31388477472003196,0.6501147963776169,0.000528581823925036,0.6085734402291202
1,Cash Machine,WP,85,EM,SF,3,C2,172.8409154617927,0.905544082203307,0.22811496902500983,2.204003628683273,0.79957805907173,0.0679547959125747,-0.07587132906241846,3.158791265640667,474,59.25,-0.35093700658433524,4,8,0.7981587999282129,0.4748152281277722,0.6921247392272694,2.2059871003149523,0.8631767726306323,1.4420655684590162,0.5761999416928851,0.6816898412196566,1.0,0.3078852218221109,0.6547400539264716,0.0004995440130958267,0.6079942478427864
145,ATR Stop,CW,85,EA15,SA,3,C2,2245.396603839214,1.623830670003195,0.30042974785325965,2.458949307004533,0.5942857142857143,0.12595166267891073,-0.04552641225810609,4.494797827537403,525,65.625,-0.21633414043583538,10,8,0.9056771099953989,0.36163088958138356,0.8630360048984047,1.1594894100777,1.0233197935439238,4.54765235096515,4.583553523712852,2.16943586080631,1.0,0.4254526993389736,0.49993335563633534,0.006760050010212687,0.6073638534635425
45,Growth,MG,85,EM,SH,4,C2,2115.4962685892574,1.6043670278226352,0.35886524985763374,2.6468812121389074,0.8207547169811321,0.08881831089537254,-0.08689298716387094,8.228078771232191,636,79.5,-0.2876657608695652,8,8,0.8661327990625582,0.007906061461435243,3.0222772478774047,2.260692115002953,0.8688152450150748,2.4906761759607994,2.2851820506309783,2.723452971679761,1.0,0.5121169651428638,0.3748384957086177,0.006367664014304166,0.603952090029585
141,ATR Stop,CW,85,EA15,SH,3,C2,1927.7424344562892,1.5743007276150482,0.3004297478532598,2.3937708693309845,0.5927342256214149,0.12470692662444369,-0.04616470911461294,4.492472424842215,523,65.375,-0.287316729025893,10,8,0.9892806315317226,0.11532469791663313,0.875213041132938,1.1558348437368955,1.0198398202425478,4.541887761302712,4.583553523712852,2.169435860806311,1.0,0.3953958474000555,0.499933355636335,0.005800521712091112,0.5997057112340946
94,Kelly Dive,CW,85,EM,SA,4,C2,2633.304265682421,1.67659857179226,0.3312069586580948,2.473664262822416,0.8211382113821138,0.09798266721363706,-0.1011149115790969,7.1634129119835315,615,76.875,-0.543278084920236,9,8,0.8383027512149406,0.3856003152879781,0.6528245949929641,1.8948382268187185,0.9888816464113281,4.250891486773247,4.9737737247255165,2.121842597608785,1.0,0.43223845953962553,0.4340475372119724,0.007931790898486824,0.5960588909620739
102,Aggressive,PR,70,ET,SH,8,CN,5501.4028032158385,1.9347360537046585,0.3250377915975914,2.4190839183507435,0.7141210374639769,0.0923280746263613,-0.05916184863484617,3.4632096125291083,1735,216.875,-0.3295818320223294,15,8,0.9276089063102229,0.7857530978631864,2.6087027497056012,1.738215239031606,1.0277697191674693,5.760303415313958,4.3340883265737755,1.17061231276866,1.0,0.40706888826550486,0.44725408225451513,0.016595369008953614,0.5937073438686223
147,ATR Stop,CW,85,EA25,SA,3,C2,243.83319665857385,0.9888809494158806,0.2657112655092341,2.2162323984495558,0.6592039800995025,0.10970501457249152,-0.06193164620468521,3.6460676781869577,402,50.25,-0.2060440568278819,8,8,0.6902019819122343,0.5942388799591343,0.6307014698175619,1.5375740230133599,0.4737557695925694,1.834534600984671,1.2471422540301553,1.2441697155441984,1.0,0.3135244843662857,0.5742563876418398,0.0007139882399380052,0.5933394968559301
143,ATR Stop,CW,85,EA25,SH,3,C2,229.12413915116042,0.973536996019861,0.271424764269337,2.191250480037099,0.6575,0.10804579339244787,-0.062094763677271174,3.6398859731669506,400,50.0,-0.2060440568278819,8,8,0.7190291345294635,0.4538880231517357,0.6408901402225475,1.5813542237951204,0.47375579291970893,1.7972637380426901,1.2471422540301553,1.2441697155441993,1.0,0.3020041434425868,0.5620253071757431,0.0006695570368328226,0.5880065308513203
38,Growth,MS,85,EM,SA,4,C2,588.1323532803759,1.219609675009778,0.3096285581868826,2.2952841125483943,0.7894736842105263,0.08863560263118687,-0.09412784843822794,8.895604269652058,608,76.0,-0.543278084920236,7,8,0.7241703237370922,0.2120921147085819,0.680907202921138,1.6245222004631747,0.40984262606145005,1.8545435602544305,3.10771581306565,2.721435825337931,1.0,0.34997895843771243,0.48024115054327277,0.0017540022414534835,0.5838060700543007
46,Growth,MG,85,EM,SA,4,C2,1987.2768809787767,1.5841017361182224,0.40869499074078125,2.65048345520039,0.8302180685358256,0.0884459102943915,-0.09899322703988803,8.842201690693209,642,80.25,-0.543278084920236,8,8,0.8536830273573317,0.1421187052553725,3.0063857062898443,1.9735997554379452,0.7083695310392248,2.48360742410754,2.208923879000688,2.8649468051390317,1.0,0.5137781293286222,0.2681662803224094,0.00598035560585773,0.5829748417375161
124,ATR Stop,WP,85,EA30,SA,3,C2,46.74165374149355,0.6212955187945826,0.23019522734873038,1.982792740497363,0.6682692307692307,0.08007347026501577,-0.05602180630252622,2.681228252874649,416,52.0,-0.23856317689530682,9,8,0.5981451046869266,0.6650004963594047,0.06213325023791105,1.4134395752397033,0.32850870362807605,1.2859276977940497,0.4234579712099784,0.7107163391415687,1.0,0.20587444723463094,0.6502867744184113,0.00011863980450976538,0.5815437626630164
37,Growth,MS,85,EM,SH,4,C2,602.9474023958877,1.2265112287632034,0.3213428467272505,2.310595778982397,0.787828947368421,0.08852284320932469,-0.09373867427725928,9.019337822456112,608,76.0,-0.543278084920236,7,8,0.732293520328454,0.17430646503985647,0.6926454619501801,1.5994277089294742,0.37418887675653734,2.0884425677176655,3.1081173258650283,2.7214593603694506,1.0,0.35703989004902187,0.4551639759859206,0.00179875361018889,0.5805625807509679
93,Kelly Dive,CW,85,EM,SH,4,C2,2000.4269591827915,1.5862319235033855,0.33120695865809463,2.3301254478472577,0.8043117744610282,0.10035405357502172,-0.10127329822920707,5.738554032854836,603,75.375,-0.543278084920236,10,8,0.8522397866472566,0.259571001548369,0.6608195695761583,1.8979331704159486,0.8164032687567209,4.42697535421186,5.282877275564361,1.6749394054348263,1.0,0.36604594153536246,0.43404753721197276,0.006020077647547834,0.5792240044733673
79,Position Count,CW,85,EM,SH,4,C2,2000.4269591827915,1.5862319235033855,0.33120695865809463,2.3301254478472577,0.8043117744610282,0.10035405357502172,-0.10127329822920707,5.738554032854836,603,75.375,-0.543278084920236,10,8,0.8522397866472566,0.259571001548369,0.6608195695761583,1.8979331704159486,0.8164032687567209,4.42697535421186,5.282877275564361,1.6749394054348263,1.0,0.36604594153536246,0.43404753721197276,0.006020077647547834,0.5792240044733673
148,ATR Stop,CW,85,EA30,SA,3,C2,241.6728736716024,0.9866787849345446,0.2557475279920322,2.0556150267295275,0.6801075268817204,0.1170346487111457,-0.07142897668480441,3.160038161439548,372,46.5,-0.24585093876619302,7,8,0.6767599001245346,0.28979318554057176,0.5148447540795298,1.0881860005535016,0.4994536516985777,2.1148706805984143,3.0640102836334995,0.7498442410735091,1.0,0.2394562382879315,0.5955860982855101,0.0007074626179286721,0.5790873986217743
144,ATR Stop,CW,85,EA30,SH,3,C2,463.65021155753925,1.1547196260353512,0.25574752799203176,2.043505570291642,0.6909090909090909,0.11770812690667268,-0.07210946277933325,3.2434360739126182,385,48.125,-0.2571852698993596,8,8,0.6876624328585894,0.38528806661224646,0.5248883077081625,1.1434991822198408,0.5373914096284749,4.147201664982058,3.099846055263609,0.7498442410735084,1.0,0.2338719967472354,0.595586098285511,0.001377982818110562,0.5777919162666276
120,ATR Stop,WP,85,EA30,SH,3,C2,41.277739055441536,0.5968494359890089,0.23421264141239798,1.944736831695571,0.6674757281553398,0.07809347309807846,-0.0561333868504782,2.666353167311334,412,51.5,-0.23856317689530682,9,8,0.6183848867493729,0.42869092791814434,0.06135826783081155,1.4922106184848398,0.32813870319016236,1.265894472935594,0.42411753738216285,0.7107163391415687,1.0,0.1883250726702167,0.6416865599541202,0.00010213512342853291,0.5754339004268925
31,Growth,PR,85,ET,SA,4,C2,843.1833502758103,1.321691961988734,0.3168006931931099,2.2271027368462253,0.6935096153846154,0.08179141809995222,-0.056218283074902786,4.8559113424879365,832,104.0,-0.2588734759218927,10,8,0.781713372616623,0.6952210230339892,0.1694765847340325,1.7200647497833157,0.332862706633549,4.5614421936488405,2.272863066833983,2.5596124519892287,1.0,0.31853731013162667,0.4648875180217361,0.0025244270388255752,0.5729904951930778
4,Cash Machine,WP,85,EM,SC,3,C2,161.28283215718068,0.8892266894257428,0.30383288542118264,2.133430677116039,0.7910447761194029,0.0683004780216917,-0.0752659679416195,3.2363465012043062,469,58.625,-0.543278084920236,5,8,0.8092156587181685,0.22759700844164943,0.7482092316760003,2.219009256398708,0.8970068219774228,1.5057258091479304,0.613545742741777,0.6697440959137857,1.0,0.2753407050791199,0.49264814368860166,0.00046463086202853303,0.5674344996368046
30,Growth,PR,85,ET,SH,4,C2,737.1139283887367,1.2830500116076502,0.31617202850657244,2.1691804475202447,0.6905339805825242,0.08207554269700669,-0.05658370850107212,4.84433740464782,824,103.0,-0.2588734759218927,10,8,0.817585853526339,0.48310160436293725,0.17039930495376554,1.7100516609018235,0.324904367511621,4.486012992187951,2.2784644335316324,2.559668663142058,1.0,0.29182661045278624,0.46623332182604016,0.002204026358854164,0.5665339209322328
160,ATR Stop,CW,90,EA30,SA,3,C1,249.3075109075728,0.9943860840704373,0.33380818941113116,2.1815784554467044,0.6961325966850829,0.1134506500351592,-0.0748086112011688,3.538627493276577,362,45.25,-0.3321979315263909,8,8,0.8561026239427951,0.011871361509294909,0.8126030867268121,1.2142567812459473,0.6005199532181407,2.774936303391659,1.9881310017619223,0.7607967154687427,1.0,0.29754391669522107,0.42847899436508463,0.0007305243346630599,0.5601913566970217
156,ATR Stop,CW,90,EA30,SH,3,C1,249.3075109075728,0.9943860840704373,0.33380818941113116,2.1815784554467044,0.6961325966850829,0.1134506500351592,-0.0748086112011688,3.538627493276577,362,45.25,-0.3321979315263909,8,8,0.8561026239427951,0.011871361509294909,0.8126030867268121,1.2142567812459473,0.6005199532181407,2.774936303391659,1.9881310017619223,0.7607967154687427,1.0,0.29754391669522107,0.42847899436508463,0.0007305243346630599,0.5601913566970217
47,Growth,MG,85,ET,SH,4,C2,655.178507420552,1.2497162752186264,0.32176095043587816,2.1343611502657955,0.7090012330456227,0.08655744499055616,-0.07500964993306408,2.3039053768744684,811,101.375,-0.38471357539170625,10,8,0.7174610579041305,0.4361666254197756,1.6673702658493696,2.444000357042253,0.7551774454600606,2.958511080540644,0.5425154668346934,1.50558216033073,1.0,0.27576979013690306,0.45426892720440903,0.0019565265221915345,0.5600897119534364
40,Growth,MS,80,ET,SH,5,CN,1649.190722514063,1.5245952900235835,0.3189346401581266,2.082761993813558,0.6924546322827125,0.08913346906424775,-0.057544512932778,4.313474898743832,1047,130.875,-0.2835702434528006,14,8,0.9405690990235753,0.613934080220935,0.08621531408103267,1.6432937832803378,0.8277995024127323,6.146597043377074,4.0612345426607455,1.7990228582823686,1.0,0.25197498527481327,0.4603193054193704,0.004959109019104931,0.5558014737554431
64,Baseline,WP,85,EH,SF,5,CN,46.196558800701865,0.6189699649153964,0.3424991601928083,1.8707698429988961,0.7265238879736409,0.0817027426589256,-0.07361664138313506,3.3536423875505323,607,75.875,-0.36788921282798825,10,8,0.5337856080318326,0.05765621156502232,0.08413887665898967,2.034355298999951,0.19318505732036928,1.6578000125788113,0.5301226884927754,0.8183172897669699,1.0,0.1542154053173608,0.4098739386150988,0.00011699325278381583,0.5205461880402776
63,Baseline,WP,85,EH,SF,4,CN,40.12713152498226,0.5913512606295914,0.3235415438677351,1.7897626522423467,0.7193347193347194,0.08095386216320831,-0.07131571776631697,3.4705017451389595,481,60.125,-0.35093700658433524,8,8,0.5075597654116693,0.02591960512584146,0.10066344624898815,1.9954460820341176,0.19694700762302686,1.3995637758758415,0.6118083461345896,0.753697969285658,1.0,0.11685916872340771,0.45045715048809565,9.865951822035272e-05,0.5193210212062042
105,Aggressive,MG,70,EM,SH,6,CN,2822.53608981701,1.69990925685105,0.48765978258391474,2.347810845006649,0.8225024248302619,0.09071888456398239,-0.10132933265447482,7.696708078396578,1031,128.875,-0.543278084920236,12,8,1.5933379786300241,0.24407872658662866,1.214690923643556,1.9336102257476453,1.1399609581893788,2.1098978721796273,3.9106464936566514,2.915767947481188,1.0,0.37420151234795523,0.09912367375596365,0.008503397720191786,0.5146506224962104
53,Baseline,WP,85,EH,SF,3,CN,30.698653760713594,0.5403879133366001,0.2937568132721279,1.698468453840887,0.7597765363128491,0.07402206753879234,-0.0835823911813483,3.027756850925916,358,44.75,-0.5019949275141776,8,7,0.5472991278939505,0.22877366232166763,-0.04339119923689361,1.7700497500021046,0.17165078136828082,1.3526845800352536,0.4146948935783683,0.6236024806747356,0.875,0.07475910768821512,0.514218332886484,7.017920190465529e-05,0.4715439703796363
51,Baseline,WP,70,EH,SF,3,CN,23.912275312737393,0.49469187706819273,0.293756813272128,1.5519034287104334,0.7214484679665738,0.07462906471327908,-0.07223184952204306,2.9425402072128404,359,44.875,-0.35093700658433524,8,7,0.4420863423895449,0.26086257083069664,-0.09984340517463697,1.837658123373679,0.028272751886183833,1.3526845800352536,0.41469489357836875,0.6236024806747364,0.875,0.007171061441478209,0.5142183328864838,4.967979471838976e-05,0.4546438839068741
57,Baseline,PR,85,EH,SF,3,CN,176.66551217893522,0.9107347036225606,0.4474705244192794,1.6661908791183067,0.7565982404692082,0.10658211877702846,-0.08789626817744775,4.385165050701322,341,42.625,-0.5019949275141776,5,8,0.5135338950691148,0.2375281093058228,0.009112524647973075,1.355866873990641,0.30542639372324243,2.823000636188137,3.079973063453182,0.9141677510295292,1.0,0.05987439551939789,0.18515818100341763,0.0005110968561960137,0.4520768996089624
65,Baseline,WP,85,EH,SF,6,CN,37.3689385972056,0.577602090841487,0.3631722602170996,1.756401924909482,0.71939477303989,0.08163958855608491,-0.0761706841990928,3.2049924160165517,727,90.875,-0.3768332135892436,12,7,0.5150997744173962,-0.03224587683568214,0.18531721460810102,1.9180818832668702,0.17417837679114467,1.5333651232838772,0.30202069785313745,0.9899631506837154,0.875,0.10147496379599401,0.3656183326374718,9.032792864599981e-05,0.4485059566657898
54,Baseline,WP,90,EH,SF,3,CN,31.357522751814976,0.5443541808817849,0.3865649857844393,1.6366311146944912,0.7391304347826086,0.08031788044696027,-0.08166165659085287,3.1241896712364183,345,43.125,-0.3587176434363133,8,7,0.5447374971114378,0.1884347260644441,-0.12097116032899002,1.7698156457491279,0.10297150622281959,1.6400414664668839,0.5359973872324619,0.623602480674736,0.875,0.046242993872646056,0.31554073207275235,7.21694274475616e-05,0.42467972029682916
55,Baseline,PR,70,EH,SF,3,CN,222.61237784546535,0.9664684363850047,0.4474705244192793,1.7557056589304985,0.7398843930635838,0.10947147235375014,-0.07839303498043156,4.354600678769108,346,43.25,-0.3015841556244714,5,7,0.8455311478053724,0.5794302244209795,-0.00942813246881935,1.1303547430353031,0.14868961019450033,2.8234956814397147,3.0799730636595486,0.9141677510295299,0.875,0.10115388271170611,0.18515818100341785,0.0006498871573045125,0.41241758995220584
58,Baseline,PR,90,EH,SF,3,CN,169.75553000580447,0.9012833595680176,0.4474705244192793,1.6966109542089898,0.7261538461538461,0.11333223903877915,-0.07641326567248381,4.230205244925672,325,40.625,-0.26733101689276606,7,7,0.7205058180559625,0.19528805834652707,-0.01951759731645697,1.1712241518910749,0.30545964194423103,3.3899838523016665,2.404074013167844,0.9692241481260138,0.875,0.07390252699365842,0.18515818100341785,0.0004902240829926439,0.4055808015615471
56,Baseline,PR,80,EH,SF,3,CN,163.11927661621135,0.8918859382762874,0.4474705244192793,1.670768781130296,0.7411764705882353,0.10530997805820244,-0.07626501928822202,4.36316186383285,340,42.5,-0.3015841556244714,5,7,0.5230265587099265,0.496925210265206,-0.009912134295875452,1.1303547430353023,0.14868961019450055,2.8234956814397143,3.0799730636595495,0.9141677510295294,0.875,0.061985482066982955,0.18515818100341785,0.00047017815400896446,0.4025985334405307
52,Baseline,WP,80,EH,SF,3,CN,23.76136943941078,0.49355710607853265,0.33455720591928273,1.536352945174552,0.7346368715083799,0.07357877302742527,-0.07618444723463177,2.96645693182877,358,44.75,-0.5019949275141776,9,6,0.6546748135219742,-0.04435152278692811,-0.04338952495853199,1.8376581233736795,0.10629567496653913,1.3526845800352545,0.41469489357836853,0.6236024806747364,0.75,0.0,0.42687554933668803,4.922395793182745e-05,0.38538249346102743
59,Baseline,MS,70,EH,SF,3,CN,159.72648505547613,0.886952339374592,0.5339633768306685,1.7542768240507418,0.7411764705882353,0.10905141489140481,-0.08920731104007142,5.266981478872684,340,42.5,-0.2853490438369717,10,7,0.43762847370563795,0.36804401988957425,-0.22821703238323154,1.6591151884311857,0.3703123354590747,2.7791048534002867,2.312079984477052,1.32944409326814,0.875,0.10049497955356189,0.0,0.0004599296516251374,0.37519273433613426
60,Baseline,MS,80,EH,SF,3,CN,146.37885536527446,0.8666134781976305,0.5339633768306684,1.747509235141046,0.744807121661721,0.10578803914173772,-0.084938665022736,5.28693654724506,337,42.125,-0.26733101689276606,10,7,0.5203167510802797,0.26026095894163603,-0.2786385332399377,1.5580862994038376,0.37031233545644526,2.779104853400287,2.312079984477052,1.3294440932681413,0.875,0.09737412509459188,2.220446049250313e-16,0.0004196108721629445,0.3744064729044725
62,Baseline,MS,90,EH,SF,3,CN,118.69156116981273,0.8186869120084139,0.5339633768306682,1.6594501258083605,0.703125,0.1168793647794549,-0.08017245899065437,5.233003188485814,320,40.0,-0.26733101689276606,10,7,0.6630085023944976,0.12057179647898186,-0.2853952105711004,1.283268338677607,0.18282353026322773,3.4501306041983044,2.1409357453500113,1.329444093268139,0.875,0.056765916221250365,6.661338147750939e-16,0.0003359767038138518,0.36424187556088483
61,Baseline,MS,85,EH,SF,3,CN,108.62379021595298,0.7988216324219264,0.5339633768306682,1.6169683699983193,0.7207207207207207,0.11140712015137094,-0.0897756848473786,5.016827805265132,333,41.625,-0.5019949275141776,10,7,0.480197995440077,0.1442603640271889,-0.2686854102977585,1.5441104620490624,0.18282353184508215,2.899601432328263,2.1409357453500117,1.3294440932681373,0.875,0.03717557484358527,6.661338147750939e-16,0.00030556529398409574,0.35933972850499407
