strategy_id,category,ranking,threshold,exit,sizing,max_positions,strike,expiry,iv_filter,total_return,annualized_return,max_drawdown,sharpe_ratio,win_rate,avg_win,avg_loss,profit_factor,total_trades,trades_per_year,worst_single_trade,longest_losing_streak,years_profitable,pct_total_loss,avg_theta_cost,options_vs_stock_mult,avg_premium_per_trade,year_2018,year_2019,year_2020,year_2021,year_2022,year_2023,year_2024,year_2025,consistency_score,sharpe_norm,dd_norm,return_norm,weighted_score
71,Strike Study,WP,85,EC,SH,3,D60,X2,IL,1057.764083511687,1.3883606103454689,0.5380421978325934,1.4679344925642386,0.6742268041237114,0.4377186211026776,-0.3510697114591531,1.811345617036553,485,60.625,-0.5,11,8,0.0,0.04500095934122259,5.5423608475374815,187600.54748492042,1.6044299311293617,0.3398916238340628,0.7184796622038367,4.274063562785671,0.03466061328894643,8.01501542679011,1.0296735975597806,0.7969769899770751,1.0,0.9856887133468624,0.8021645156233999,1.0,0.9568550814613956
22,Cash Machine,CW,85,EC,SH,3,D50,XN,IL,801.2785399725232,1.306963094274792,0.601714884096799,1.3506492504744494,0.6446808510638298,0.49080484695542737,-0.3510918160380962,1.7960498427465634,470,58.75,-0.5,8,7,0.0,0.08137563933778447,4.125665528599636,139176.15052229926,0.9873897822125641,0.07583082948114606,-0.39975689252478064,2.1792191527888067,0.5998180123919974,6.477392730573484,9.536290522095756,0.4913860041727436,0.875,0.942595991629713,0.6899924044888153,0.7577451582178067,0.8373092525378625
21,Cash Machine,CW,85,EC,SK,3,D50,XN,IL,801.2785399725232,1.306963094274792,0.601714884096799,1.3506492504744494,0.6446808510638298,0.49080484695542737,-0.3510918160380962,1.7960498427465634,470,58.75,-0.5,8,7,0.0,0.08137563933778447,4.125665528599636,139176.15052229926,0.9873897822125641,0.07583082948114606,-0.39975689252478064,2.1792191527888067,0.5998180123919974,6.477392730573484,9.536290522095756,0.4913860041727436,0.875,0.942595991629713,0.6899924044888153,0.7577451582178067,0.8373092525378625
23,Cash Machine,CW,85,EC,SA,3,D50,XN,IL,801.2785399725232,1.306963094274792,0.601714884096799,1.3506492504744494,0.6446808510638298,0.49080484695542737,-0.3510918160380962,1.7960498427465634,470,58.75,-0.5,8,7,0.0,0.08137563933778447,4.125665528599636,139176.15052229926,0.9873897822125641,0.07583082948114606,-0.39975689252478064,2.1792191527888067,0.5998180123919974,6.477392730573484,9.536290522095756,0.4913860041727436,0.875,0.942595991629713,0.6899924044888153,0.7577451582178067,0.8373092525378625
12,Cash Machine,WP,85,EC,SK,3,D60,XN,IL,352.51358306346947,1.08233578797878,0.5453969822110755,1.5068854488474575,0.656686626746507,0.3913966340017551,-0.33170899799156395,2.010715669635006,501,62.625,-0.5,11,7,0.0,0.06451293645000918,4.832484343818008,61478.468605247734,1.5178511565414468,0.3743810608750171,0.570621769495681,3.6249880267719403,-0.08406852654875108,1.8059748725163867,1.4872636100404342,1.2138260994431538,0.875,1.0,0.7892075989440768,0.3338792274785354,0.8079234039105957
13,Cash Machine,WP,85,EC,SH,3,D60,XN,IL,352.51358306346947,1.08233578797878,0.5453969822110755,1.5068854488474575,0.656686626746507,0.3913966340017551,-0.33170899799156395,2.010715669635006,501,62.625,-0.5,11,7,0.0,0.06451293645000918,4.832484343818008,61478.468605247734,1.5178511565414468,0.3743810608750171,0.570621769495681,3.6249880267719403,-0.08406852654875108,1.8059748725163867,1.4872636100404342,1.2138260994431538,0.875,1.0,0.7892075989440768,0.3338792274785354,0.8079234039105957
63,Strike Study,WP,85,EC,SH,3,D60,XN,IL,352.51358306346947,1.08233578797878,0.5453969822110755,1.5068854488474575,0.656686626746507,0.3913966340017551,-0.33170899799156395,2.010715669635006,501,62.625,-0.5,11,7,0.0,0.06451293645000918,4.832484343818008,61478.468605247734,1.5178511565414468,0.3743810608750171,0.570621769495681,3.6249880267719403,-0.08406852654875108,1.8059748725163867,1.4872636100404342,1.2138260994431538,0.875,1.0,0.7892075989440768,0.3338792274785354,0.8079234039105957
81,IV Filter,WP,85,EC,SH,3,D50,XN,IH,64.44262831535181,0.686485422605156,0.4257440820065945,1.3671293512547147,0.647410358565737,0.3140477035784128,-0.28651877228592093,1.78347030117724,502,62.75,-0.5,8,7,0.0,0.08973278780936236,3.028483188215671,17550.29109919104,0.8695152128615911,-0.10750125023229484,1.0015950341066002,1.7583727094469226,0.207593290727472,1.1185093976462537,0.5845062641216381,0.7365887456728824,0.875,0.9486510790741408,1.0,0.061791441938705935,0.7964314860593411
87,IV Filter,WP,90,EC,SH,3,D50,XN,IH,81.44529116934328,0.7358841271955656,0.4812849139974364,1.3511724830733205,0.648870636550308,0.32524536746723753,-0.2829772528558057,1.8303886641232756,487,60.875,-0.5,8,7,0.0,0.08822661693906378,3.176108401724436,22118.0415737928,0.887234622617747,-0.11361981456080761,1.398901607728111,1.4623485282407662,0.3652405501646976,1.015601076504125,0.6258565441973827,0.8435386529840814,0.875,0.9427882367611101,0.9021537688431663,0.07785073846954817,0.7778054237293431
26,Cash Machine,WP,90,EC,SK,3,D50,XN,IH,81.44529116934328,0.7358841271955656,0.4812849139974364,1.3511724830733205,0.648870636550308,0.32524536746723753,-0.2829772528558057,1.8303886641232756,487,60.875,-0.5,8,7,0.0,0.08822661693906378,3.176108401724436,22118.0415737928,0.887234622617747,-0.11361981456080761,1.398901607728111,1.4623485282407662,0.3652405501646976,1.015601076504125,0.6258565441973827,0.8435386529840814,0.875,0.9427882367611101,0.9021537688431663,0.07785073846954817,0.7778054237293431
27,Cash Machine,WP,90,EC,SH,3,D50,XN,IH,81.44529116934328,0.7358841271955656,0.4812849139974364,1.3511724830733205,0.648870636550308,0.32524536746723753,-0.2829772528558057,1.8303886641232756,487,60.875,-0.5,8,7,0.0,0.08822661693906378,3.176108401724436,22118.0415737928,0.887234622617747,-0.11361981456080761,1.398901607728111,1.4623485282407662,0.3652405501646976,1.015601076504125,0.6258565441973827,0.8435386529840814,0.875,0.9427882367611101,0.9021537688431663,0.07785073846954817,0.7778054237293431
59,Strike Study,WP,85,EC,SH,3,D60,XS,IL,59.389919063039336,0.6696312163510354,0.4904092701614562,1.1453153711092179,0.6331967213114754,0.36440146329802126,-0.33617332316319337,1.590774435285615,488,61.0,-0.5,9,7,0.0,0.08398586300598501,3.991668211176593,15715.679148258892,1.194776343608393,0.3199479948090078,0.2772377113178244,3.2956720785423865,-0.1831396054072585,0.677113935544124,0.1707661164453227,1.4213550995676938,0.875,0.8671526062137144,0.8860793992239072,0.05701907440640687,0.7525568925591711
85,IV Filter,WP,90,EC,SH,3,D50,XN,IN,61.24483148930315,0.6759571551022967,0.5043679352783836,1.1296413059607768,0.64,0.3473766494454676,-0.30895314262985496,1.5722637767486356,475,59.375,-0.5,10,7,0.0,0.09087254668110624,3.153586233889289,17502.433862977614,0.6559889508784784,0.40874171705810247,0.07296938480314963,2.5236559089432733,0.06868400600256042,3.554497440102817,-0.2614282169988871,0.9928761582405152,0.875,0.861393670855921,0.8614884320972909,0.05877106989957879,0.7464617646183753
67,Strike Study,WP,85,EC,SH,3,D60,XB,IL,82.62003423175747,0.7389567977605813,0.5490575321840565,1.2146041375350156,0.6296296296296297,0.37868426821064843,-0.3301597354006546,1.710509535656105,486,60.75,-0.5,11,7,0.0,0.0691330062908763,4.420103378077432,18996.6462002406,1.3990122410077879,0.35504589225911376,0.23157763697236877,2.4240657715165272,-0.15217427662538552,0.9519264399379088,0.25102803512804006,1.6518477857045637,0.875,0.8926105536631098,0.7827588115208616,0.0789603027389138,0.7415484461307869
70,Strike Study,WP,85,EC,SH,3,D50,X2,IL,120.500808606727,0.8221007883700655,0.5890733841900595,1.3092020954660353,0.6986027944111777,0.30633345524638816,-0.3232595894806554,1.6873878917227214,501,62.625,-0.5,7,7,0.0,0.06222349495116465,3.701450338002884,31413.564787984687,0.6844652439012775,0.07450491688076744,0.7569602501992412,2.114366968220669,0.8234741610218921,3.2322838610791678,-0.09540505569717073,0.6865595950047636,0.875,0.9273675563643641,0.7122629229111515,0.11473932122146606,0.7415053718565412
58,Strike Study,WP,85,EC,SH,3,D50,XS,IL,14.20474188414945,0.4052298984049072,0.4618369726426471,0.8651168709433357,0.61,0.28874527810557304,-0.26864584230407795,1.4979349344602926,500,62.5,-0.5,7,7,0.0,0.12146672681929442,2.1177236801986226,5149.072850173021,0.06103589282958355,0.0429400074878592,0.3397481649237044,1.079827386515067,-0.15319987754026465,2.7000222976866834,0.20717895278944498,0.36758034727522393,0.875,0.7642026034847503,0.9364151887232111,0.01434092655710752,0.7304848275993959
14,Cash Machine,WP,85,EC,SK,3,D50,XB,IL,29.80621760830374,0.5348989795428167,0.5197628575624026,1.0237173844951188,0.6408163265306123,0.3042879381893886,-0.2934882451223588,1.5186490840929256,490,61.25,-0.5,7,7,0.0,0.10249443534481761,2.6931280779643196,9888.622744080247,0.2084743497093453,0.001771745972535932,0.4690521288136895,1.5504498588265316,-0.06900503455681872,3.316546089000293,0.3827855233766193,0.2583586039709278,0.875,0.8224753040641781,0.8343672120786209,0.029076778648305848,0.7268537852290147
15,Cash Machine,WP,85,EC,SH,3,D50,XB,IL,29.80621760830374,0.5348989795428167,0.5197628575624026,1.0237173844951188,0.6408163265306123,0.3042879381893886,-0.2934882451223588,1.5186490840929256,490,61.25,-0.5,7,7,0.0,0.10249443534481761,2.6931280779643196,9888.622744080247,0.2084743497093453,0.001771745972535932,0.4690521288136895,1.5504498588265316,-0.06900503455681872,3.316546089000293,0.3827855233766193,0.2583586039709278,0.875,0.8224753040641781,0.8343672120786209,0.029076778648305848,0.7268537852290147
66,Strike Study,WP,85,EC,SH,3,D50,XB,IL,29.80621760830374,0.5348989795428167,0.5197628575624026,1.0237173844951188,0.6408163265306123,0.3042879381893886,-0.2934882451223588,1.5186490840929256,490,61.25,-0.5,7,7,0.0,0.10249443534481761,2.6931280779643196,9888.622744080247,0.2084743497093453,0.001771745972535932,0.4690521288136895,1.5504498588265316,-0.06900503455681872,3.316546089000293,0.3827855233766193,0.2583586039709278,0.875,0.8224753040641781,0.8343672120786209,0.029076778648305848,0.7268537852290147
69,Strike Study,WP,85,EC,SH,3,D40,X2,IL,15.762323333101794,0.42246561378846925,0.4941462581508219,0.9226148494683509,0.6548856548856549,0.248209123896929,-0.25958977381599674,1.5180862306947793,481,60.125,-0.5,8,7,0.0,0.08473888903636767,2.073107754814904,6741.199494460441,0.11684493737145485,-0.03967534875601131,0.47838684349241967,1.4031457142097952,0.1391763723282049,2.079951683395422,0.041507018294085984,0.1753251916408758,0.875,0.785328401954606,0.8794959510195649,0.015812088020136384,0.724603103895585
18,Cash Machine,CW,90,EC,SA,3,D50,XN,IL,370.03644091894216,1.094966442111541,0.6153614657267117,1.3022491175100286,0.6227272727272727,0.4830138119439272,-0.3249702907157473,1.8844768361397217,440,55.0,-0.5,12,6,0.0,0.08393203316679125,4.049177581682346,63986.8326564289,0.9345084596223496,-0.0129293202007561,0.08008341616825931,1.4295119920392856,-0.16540172990823454,5.9159280625601625,6.549430048558511,0.7011704130662872,0.75,0.9248129063604504,0.6659512345459305,0.3504298567996816,0.716957952019251
16,Cash Machine,CW,90,EC,SK,3,D50,XN,IL,370.03644091894216,1.094966442111541,0.6153614657267117,1.3022491175100286,0.6227272727272727,0.4830138119439272,-0.3249702907157473,1.8844768361397217,440,55.0,-0.5,12,6,0.0,0.08393203316679125,4.049177581682346,63986.8326564289,0.9345084596223496,-0.0129293202007561,0.08008341616825931,1.4295119920392856,-0.16540172990823454,5.9159280625601625,6.549430048558511,0.7011704130662872,0.75,0.9248129063604504,0.6659512345459305,0.3504298567996816,0.716957952019251
17,Cash Machine,CW,90,EC,SH,3,D50,XN,IL,370.03644091894216,1.094966442111541,0.6153614657267117,1.3022491175100286,0.6227272727272727,0.4830138119439272,-0.3249702907157473,1.8844768361397217,440,55.0,-0.5,12,6,0.0,0.08393203316679125,4.049177581682346,63986.8326564289,0.9345084596223496,-0.0129293202007561,0.08008341616825931,1.4295119920392856,-0.16540172990823454,5.9159280625601625,6.549430048558511,0.7011704130662872,0.75,0.9248129063604504,0.6659512345459305,0.3504298567996816,0.716957952019251
24,Cash Machine,WP,90,ES,SK,3,D50,XN,IL,20.07608053914409,0.4637729968401878,0.5484587648782695,0.9512111500037127,0.5146666666666667,0.49188173819470943,-0.29270808499138773,1.536867101600121,375,46.875,-0.4,14,7,0.0,0.11928394508349144,2.8897574804246378,6607.406244082478,0.7463572123829003,0.10128164972191622,-0.3548408525895105,2.7280331314766886,0.43347353278562295,0.41206305690889167,0.49896881531952175,0.5553325599057404,0.875,0.7958352005863292,0.7838136593168192,0.01988650311198347,0.7087045074767437
25,Cash Machine,WP,90,ES,SH,3,D50,XN,IL,20.07608053914409,0.4637729968401878,0.5484587648782695,0.9512111500037127,0.5146666666666667,0.49188173819470943,-0.29270808499138773,1.536867101600121,375,46.875,-0.4,14,7,0.0,0.11928394508349144,2.8897574804246378,6607.406244082478,0.7463572123829003,0.10128164972191622,-0.3548408525895105,2.7280331314766886,0.43347353278562295,0.41206305690889167,0.49896881531952175,0.5553325599057404,0.875,0.7958352005863292,0.7838136593168192,0.01988650311198347,0.7087045074767437
75,Strike Study,WP,90,EC,SH,3,D60,XN,IL,65.74896007269881,0.6906572179774655,0.5125852860421823,1.1105266455792115,0.6105476673427992,0.3836346752501522,-0.31421316207529554,1.5140026869036518,493,61.625,-0.5,11,6,0.0,0.06054087030538592,4.621597135053293,19476.610955380227,1.7682129205108015,0.11037807465608518,0.5706217694956814,2.7024718838264934,-0.1657904386445891,1.1052374087683963,-0.006675023054771634,1.213826099443153,0.75,0.854370598507995,0.8470119330332508,0.06302529390877937,0.6924488303199658
5,Cash Machine,WP,90,EC,SH,3,D60,XN,IL,65.74896007269881,0.6906572179774655,0.5125852860421823,1.1105266455792115,0.6105476673427992,0.3836346752501522,-0.31421316207529554,1.5140026869036518,493,61.625,-0.5,11,6,0.0,0.06054087030538592,4.621597135053293,19476.610955380227,1.7682129205108015,0.11037807465608518,0.5706217694956814,2.7024718838264934,-0.1657904386445891,1.1052374087683963,-0.006675023054771634,1.213826099443153,0.75,0.854370598507995,0.8470119330332508,0.06302529390877937,0.6924488303199658
4,Cash Machine,WP,90,EC,SK,3,D60,XN,IL,65.74896007269881,0.6906572179774655,0.5125852860421823,1.1105266455792115,0.6105476673427992,0.3836346752501522,-0.31421316207529554,1.5140026869036518,493,61.625,-0.5,11,6,0.0,0.06054087030538592,4.621597135053293,19476.610955380227,1.7682129205108015,0.11037807465608518,0.5706217694956814,2.7024718838264934,-0.1657904386445891,1.1052374087683963,-0.006675023054771634,1.213826099443153,0.75,0.854370598507995,0.8470119330332508,0.06302529390877937,0.6924488303199658
28,Cash Machine,CW,90,EC,SK,3,D50,XB,IH,152.88225250186218,0.8767160442813713,0.616180642267362,1.3214578133329096,0.6488222698072805,0.3868257362252586,-0.3366298631381697,2.7767653536820296,467,58.375,-0.5,11,6,0.0,0.09158397586706626,3.5630127849058133,18885.65316092892,0.6913471257160217,-0.10099700697972924,0.4138172773844966,0.9288873839321106,-0.12112185516362484,2.1142556024900205,1.9817089972229778,3.5342318567058424,0.75,0.9318705290322874,0.6645080920094999,0.14532413102887387,0.6876678703143029
20,Cash Machine,CW,90,EC,SH,3,D60,XB,IL,589.4083259454216,1.2202100242441212,0.6677722142750759,1.2672099801418943,0.610738255033557,0.5791864874658387,-0.399345774016576,2.037147458176774,447,55.875,-0.5,10,5,0.0,0.06319131814001822,5.71873173448647,87464.84860364451,1.0434571603111578,-0.06634786051499042,-0.2834553320762513,1.9932289648720962,-0.1514219391726217,9.257907293134103,4.2087854879413715,2.1689588350094495,0.625,0.9119388928110047,0.5736192684275345,0.5576302337302297,0.6763531119477926
88,IV Filter,CW,85,EC,SA,3,D40,XS,IN,86.5043474768993,0.7488546005871264,0.6101184250322674,1.0986845634846303,0.5909090909090909,0.45085380482042287,-0.30616845195488646,1.9354088423016484,462,57.75,-0.5,8,6,0.0,0.1400093833494684,2.283200183634916,16582.614481167835,-0.05651636043946351,0.21651473063370608,0.6363928194880568,0.30915930163075034,-0.4537180134766996,6.710482446143212,4.345264697571473,0.5558117128357141,0.75,0.8500196031128305,0.6751878943755468,0.0826291009005951,0.6599368447884063
96,Kelly Sizing,WP,85,EC,SH,3,D50,XN,IL,33.29302693829888,0.5556100046498103,0.639597876045693,0.9905236364125019,0.6471816283924844,0.3100459910158114,-0.29549231993956077,1.5140725801890067,479,59.875,-0.5,7,6,0.0,0.09038046940302821,2.947570184575659,11588.918790734875,0.4929857901622512,0.021266193822198076,0.5453722027666263,1.751415225126534,-0.01954958374746696,3.842393404707579,-0.20743850970012923,0.4449022167710661,0.75,0.810279319954103,0.6232539734232678,0.03237012778177725,0.6320761438404459
11,Cash Machine,WP,85,EC,SA,3,D50,XN,IL,33.29302693829888,0.5556100046498103,0.639597876045693,0.9905236364125019,0.6471816283924844,0.3100459910158114,-0.29549231993956077,1.5140725801890067,479,59.875,-0.5,7,6,0.0,0.09038046940302821,2.947570184575659,11588.918790734875,0.4929857901622512,0.021266193822198076,0.5453722027666263,1.751415225126534,-0.01954958374746696,3.842393404707579,-0.20743850970012923,0.4449022167710661,0.75,0.810279319954103,0.6232539734232678,0.03237012778177725,0.6320761438404459
80,IV Filter,WP,85,EC,SH,3,D50,XN,IL,33.29302693829888,0.5556100046498103,0.639597876045693,0.9905236364125019,0.6471816283924844,0.3100459910158114,-0.29549231993956077,1.5140725801890067,479,59.875,-0.5,7,6,0.0,0.09038046940302821,2.947570184575659,11588.918790734875,0.4929857901622512,0.021266193822198076,0.5453722027666263,1.751415225126534,-0.01954958374746696,3.842393404707579,-0.20743850970012923,0.4449022167710661,0.75,0.810279319954103,0.6232539734232678,0.03237012778177725,0.6320761438404459
95,Kelly Sizing,WP,85,EC,SK,3,D50,XN,IL,33.29302693829888,0.5556100046498103,0.639597876045693,0.9905236364125019,0.6471816283924844,0.3100459910158114,-0.29549231993956077,1.5140725801890067,479,59.875,-0.5,7,6,0.0,0.09038046940302821,2.947570184575659,11588.918790734875,0.4929857901622512,0.021266193822198076,0.5453722027666263,1.751415225126534,-0.01954958374746696,3.842393404707579,-0.20743850970012923,0.4449022167710661,0.75,0.810279319954103,0.6232539734232678,0.03237012778177725,0.6320761438404459
98,Kelly Sizing,WP,85,EC,SF,3,D50,XN,IL,33.29302693829888,0.5556100046498103,0.639597876045693,0.9905236364125019,0.6471816283924844,0.3100459910158114,-0.29549231993956077,1.5140725801890067,479,59.875,-0.5,7,6,0.0,0.09038046940302821,2.947570184575659,11588.918790734875,0.4929857901622512,0.021266193822198076,0.5453722027666263,1.751415225126534,-0.01954958374746696,3.842393404707579,-0.20743850970012923,0.4449022167710661,0.75,0.810279319954103,0.6232539734232678,0.03237012778177725,0.6320761438404459
62,Strike Study,WP,85,EC,SH,3,D50,XN,IL,33.29302693829888,0.5556100046498103,0.639597876045693,0.9905236364125019,0.6471816283924844,0.3100459910158114,-0.29549231993956077,1.5140725801890067,479,59.875,-0.5,7,6,0.0,0.09038046940302821,2.947570184575659,11588.918790734875,0.4929857901622512,0.021266193822198076,0.5453722027666263,1.751415225126534,-0.01954958374746696,3.842393404707579,-0.20743850970012923,0.4449022167710661,0.75,0.810279319954103,0.6232539734232678,0.03237012778177725,0.6320761438404459
97,Kelly Sizing,WP,85,EC,SA,3,D50,XN,IL,33.29302693829888,0.5556100046498103,0.639597876045693,0.9905236364125019,0.6471816283924844,0.3100459910158114,-0.29549231993956077,1.5140725801890067,479,59.875,-0.5,7,6,0.0,0.09038046940302821,2.947570184575659,11588.918790734875,0.4929857901622512,0.021266193822198076,0.5453722027666263,1.751415225126534,-0.01954958374746696,3.842393404707579,-0.20743850970012923,0.4449022167710661,0.75,0.810279319954103,0.6232539734232678,0.03237012778177725,0.6320761438404459
10,Cash Machine,WP,85,EC,SH,3,D50,XN,IL,33.29302693829888,0.5556100046498103,0.639597876045693,0.9905236364125019,0.6471816283924844,0.3100459910158114,-0.29549231993956077,1.5140725801890067,479,59.875,-0.5,7,6,0.0,0.09038046940302821,2.947570184575659,11588.918790734875,0.4929857901622512,0.021266193822198076,0.5453722027666263,1.751415225126534,-0.01954958374746696,3.842393404707579,-0.20743850970012923,0.4449022167710661,0.75,0.810279319954103,0.6232539734232678,0.03237012778177725,0.6320761438404459
9,Cash Machine,WP,85,EC,SK,3,D50,XN,IL,33.29302693829888,0.5556100046498103,0.639597876045693,0.9905236364125019,0.6471816283924844,0.3100459910158114,-0.29549231993956077,1.5140725801890067,479,59.875,-0.5,7,6,0.0,0.09038046940302821,2.947570184575659,11588.918790734875,0.4929857901622512,0.021266193822198076,0.5453722027666263,1.751415225126534,-0.01954958374746696,3.842393404707579,-0.20743850970012923,0.4449022167710661,0.75,0.810279319954103,0.6232539734232678,0.03237012778177725,0.6320761438404459
19,Cash Machine,CW,90,EC,SK,3,D60,XN,IL,303.386040019083,1.0437515121153864,0.6624307669588774,1.189888151930241,0.5981941309255079,0.569456016286672,-0.3946597753248097,1.9947781699541576,443,55.375,-0.5,11,5,0.0,0.057287333457838326,5.7477082576925875,46212.98547470082,1.120536529155979,-0.06493767017356977,-0.2762411504321508,2.3930448284547765,-0.26648827916009477,4.698189491400974,3.434253766056398,2.2685221167992493,0.625,0.8835294530007074,0.5830292911095677,0.28747744980661577,0.6306098389430829
73,Strike Study,WP,90,EC,SH,3,D40,XN,IL,1.2668003299783304,0.1077114844933924,0.5262326562537352,0.3943491522095287,0.5639412997903563,0.2440610214423886,-0.24137164356524826,1.1375184503553653,477,59.625,-0.5,9,6,0.0,0.11447750379218403,0.9754989119535706,1737.233028005493,0.12864856803386138,-0.1830066085365425,0.18033499262543184,0.4072004006083989,0.02872986766503849,0.9686085069042756,-0.23690458182356455,0.025310098307552487,0.75,0.5912340190716958,0.8229693738468369,0.002120826582098977,0.6127205035246063
79,IV Filter,WP,85,EC,SH,3,D50,XN,IN,21.227381514101225,0.47353697515313575,0.6774087921336936,0.9170811615278572,0.6270833333333333,0.3269759876196239,-0.3179275053108138,1.531764436372623,480,60.0,-0.5,11,6,0.0,0.09051570420273301,2.825771693470906,6393.391908758506,0.5673896987824985,-0.365397927369306,0.07296938480314852,1.9541964390951727,0.06868400600256064,3.554497440102816,-0.26142821699888763,0.9928761582405163,0.75,0.7832952248025592,0.5566425183336468,0.02097392594168123,0.6102983987586215
45,OTM Preferred,CW,85,EM,SH,3,D40,XS,IN,40.01068200731042,0.5907873322561021,0.7280609358779634,0.9839026137836944,0.6275510204081632,0.4370782784103679,-0.3483431319096982,1.963908727850901,392,49.0,-1.0,10,6,0.03316326530612245,0.16151655771579373,2.0836951523600473,8522.422302657515,0.6398964763570083,-0.5674151657607802,0.3871675705343518,0.06636245467553237,-0.13921863992700878,6.832859733428766,2.527591902847395,0.6583063103029088,0.75,0.8078466363483708,0.4674086846343568,0.03871506419977169,0.6012506556439299
44,OTM Preferred,CW,85,EM,SK,3,D40,XS,IN,40.01068200731042,0.5907873322561021,0.7280609358779634,0.9839026137836944,0.6275510204081632,0.4370782784103679,-0.3483431319096982,1.963908727850901,392,49.0,-1.0,10,6,0.03316326530612245,0.16151655771579373,2.0836951523600473,8522.422302657515,0.6398964763570083,-0.5674151657607802,0.3871675705343518,0.06636245467553237,-0.13921863992700878,6.832859733428766,2.527591902847395,0.6583063103029088,0.75,0.8078466363483708,0.4674086846343568,0.03871506419977169,0.6012506556439299
7,Cash Machine,WP,90,EC,SH,3,D50,XB,IL,9.225177213259954,0.3372384498396901,0.5383687276971535,0.7279329779496991,0.5917030567685589,0.33525570343252753,-0.3010944890331635,1.2838093441196945,458,57.25,-0.5,9,5,0.0,0.1003366837577097,2.4831930246057365,5217.213379547167,0.5392141052660335,-0.1993158356381961,0.415950962336034,1.522643976957955,-0.19437154346760588,2.0787552767799307,-0.24017974826110144,0.26379907730984575,0.625,0.7137987571054738,0.8015892682700181,0.009637645292811485,0.5902131897242937
6,Cash Machine,WP,90,EC,SK,3,D50,XB,IL,9.225177213259954,0.3372384498396901,0.5383687276971535,0.7279329779496991,0.5917030567685589,0.33525570343252753,-0.3010944890331635,1.2838093441196945,458,57.25,-0.5,9,5,0.0,0.1003366837577097,2.4831930246057365,5217.213379547167,0.5392141052660335,-0.1993158356381961,0.415950962336034,1.522643976957955,-0.19437154346760588,2.0787552767799307,-0.24017974826110144,0.26379907730984575,0.625,0.7137987571054738,0.8015892682700181,0.009637645292811485,0.5902131897242937
8,Cash Machine,WP,90,EC,SA,3,D50,XB,IL,9.225177213259954,0.3372384498396901,0.5383687276971535,0.7279329779496991,0.5917030567685589,0.33525570343252753,-0.3010944890331635,1.2838093441196945,458,57.25,-0.5,9,5,0.0,0.1003366837577097,2.4831930246057365,5217.213379547167,0.5392141052660335,-0.1993158356381961,0.415950962336034,1.522643976957955,-0.19437154346760588,2.0787552767799307,-0.24017974826110144,0.26379907730984575,0.625,0.7137987571054738,0.8015892682700181,0.009637645292811485,0.5902131897242937
2,Cash Machine,WP,90,EC,SH,3,D50,XN,IL,19.354679407333112,0.457414322983851,0.6395978760456931,0.8632189181455016,0.6225165562913907,0.33568678291178505,-0.30705158348398104,1.4414197939712348,453,56.625,-0.5,9,5,0.0,0.09043223129730923,2.9045292978276565,7941.304346645469,0.6463206149485405,-0.19550851548226755,0.4778425827572623,1.7232873731425231,-0.019000444184026466,2.4938294727921018,-0.20743850783465856,0.4449022167710668,0.625,0.7635052612591468,0.6232539734232676,0.01920512780077932,0.5684078791695572
1,Cash Machine,WP,90,EC,SK,3,D50,XN,IL,19.354679407333112,0.457414322983851,0.6395978760456931,0.8632189181455016,0.6225165562913907,0.33568678291178505,-0.30705158348398104,1.4414197939712348,453,56.625,-0.5,9,5,0.0,0.09043223129730923,2.9045292978276565,7941.304346645469,0.6463206149485405,-0.19550851548226755,0.4778425827572623,1.7232873731425231,-0.019000444184026466,2.4938294727921018,-0.20743850783465856,0.4449022167710668,0.625,0.7635052612591468,0.6232539734232676,0.01920512780077932,0.5684078791695572
86,IV Filter,WP,90,EC,SH,3,D50,XN,IL,19.354679407333112,0.457414322983851,0.6395978760456931,0.8632189181455016,0.6225165562913907,0.33568678291178505,-0.30705158348398104,1.4414197939712348,453,56.625,-0.5,9,5,0.0,0.09043223129730923,2.9045292978276565,7941.304346645469,0.6463206149485405,-0.19550851548226755,0.4778425827572623,1.7232873731425231,-0.019000444184026466,2.4938294727921018,-0.20743850783465856,0.4449022167710668,0.625,0.7635052612591468,0.6232539734232676,0.01920512780077932,0.5684078791695572
3,Cash Machine,WP,90,EC,SA,3,D50,XN,IL,19.354679407333112,0.457414322983851,0.6395978760456931,0.8632189181455016,0.6225165562913907,0.33568678291178505,-0.30705158348398104,1.4414197939712348,453,56.625,-0.5,9,5,0.0,0.09043223129730923,2.9045292978276565,7941.304346645469,0.6463206149485405,-0.19550851548226755,0.4778425827572623,1.7232873731425231,-0.019000444184026466,2.4938294727921018,-0.20743850783465856,0.4449022167710668,0.625,0.7635052612591468,0.6232539734232676,0.01920512780077932,0.5684078791695572
74,Strike Study,WP,90,EC,SH,3,D50,XN,IL,19.354679407333112,0.457414322983851,0.6395978760456931,0.8632189181455016,0.6225165562913907,0.33568678291178505,-0.30705158348398104,1.4414197939712348,453,56.625,-0.5,9,5,0.0,0.09043223129730923,2.9045292978276565,7941.304346645469,0.6463206149485405,-0.19550851548226755,0.4778425827572623,1.7232873731425231,-0.019000444184026466,2.4938294727921018,-0.20743850783465856,0.4449022167710668,0.625,0.7635052612591468,0.6232539734232676,0.01920512780077932,0.5684078791695572
46,OTM Preferred,CW,85,EM,SA,3,D40,XS,IL,11.93753245838455,0.3771505869548184,0.7936120516346437,0.7694009269766993,0.6164705882352941,0.3227395490605128,-0.29073814858933245,1.7197169249253859,425,53.125,-1.0,8,6,0.018823529411764704,0.16476589864472496,1.5201937599639614,3351.1858451104595,0.4881671992287886,-0.25968654047875916,-0.4267198892628222,0.3240993404845771,0.08693395597874409,1.8299039649421767,2.912095975107073,0.29349293086746964,0.75,0.7290348324697845,0.35192734604054365,0.012199509722665515,0.5544741037839548
68,Strike Study,WP,85,EC,SH,3,D30,X2,IL,2.9594367089958897,0.18769294204855536,0.4731475202372882,0.612989136463388,0.6170212765957447,0.20117742654900192,-0.2194585791060283,1.3544385197088011,470,58.75,-0.5,7,4,0.0,0.10766605451621576,0.9382077907113215,2027.474759965726,-0.1664752555779334,-0.10737059854209008,0.3146129898943819,0.6288372068449777,-0.1492855899309411,1.7735888129801012,0.07269003948639052,-0.011288288727967832,0.5,0.6715663083675693,0.9164894077295432,0.0037195496622988997,0.5517473910871459
29,Cash Machine,WP,85,EC,SK,4,D50,XN,IL,15.728051092681543,0.42210174158837277,0.6857562371837663,0.7833436258861334,0.630048465266559,0.2847177365110352,-0.3054021628403281,1.362056469641279,619,77.375,-0.5,14,5,0.0,0.085576485876885,2.564143480147005,5626.934771409754,-0.14297059385736155,-0.2817465044113231,0.5813503385387062,3.3365651579494235,0.1668544354562842,1.1154726810189253,-0.06956128752795654,0.7391555844278801,0.625,0.7341576325201974,0.5419368322885934,0.015779717321710407,0.5442937321860246
30,Cash Machine,WP,85,EC,SH,4,D50,XN,IL,15.728051092681543,0.42210174158837277,0.6857562371837663,0.7833436258861334,0.630048465266559,0.2847177365110352,-0.3054021628403281,1.362056469641279,619,77.375,-0.5,14,5,0.0,0.085576485876885,2.564143480147005,5626.934771409754,-0.14297059385736155,-0.2817465044113231,0.5813503385387062,3.3365651579494235,0.1668544354562842,1.1154726810189253,-0.06956128752795654,0.7391555844278801,0.625,0.7341576325201974,0.5419368322885934,0.015779717321710407,0.5442937321860246
90,IV Filter,CW,85,EC,SA,3,D40,XS,IH,0.24995107280575146,0.028280563098830536,0.5979340595783198,0.3017207239683544,0.5485232067510548,0.2617660081616502,-0.27829891967465437,1.0443935055479148,474,59.25,-0.5,11,5,0.0,0.14267649550082132,0.5209386410498916,905.615788649687,-0.17708459897765716,-0.19834985631295254,0.2340696007797709,0.08537710111315566,-0.34339989085578004,0.3593363805091312,0.23697938531127538,0.2323193932076908,0.625,0.5572006572422676,0.6966530794650119,0.0011603956255875052,0.5288048395474073
61,Strike Study,WP,85,EC,SH,3,D40,XN,IL,1.8035756833121632,0.1375330814668725,0.5173019185947031,0.4535990962425668,0.5987903225806451,0.2236235936739077,-0.2504120471544814,1.1953482415695447,496,62.0,-0.5,9,4,0.0,0.1161271912875886,1.0016378361709868,1791.7706722618552,-0.039807195674141815,-0.1036044957487009,0.10720981586054523,0.47967103860985816,-0.00862704024078087,1.265703550286113,-0.12883983417237088,0.02531009830755293,0.5,0.6130035213933752,0.8387026459290913,0.0026278197892019447,0.5213855825025424
84,IV Filter,WP,90,EC,SH,3,D40,XS,IH,-0.1321134495233498,-0.017555852698603713,0.5814230080605786,0.11846861407917084,0.5432372505543237,0.22695425281523465,-0.24984077488378434,0.9765845927477422,451,56.375,-0.5,9,5,0.0,0.155138300670932,0.2472663915519153,1070.4128531637903,0.02189168576541478,-0.13215605875349268,0.15746440068503986,0.1801599345736271,-0.3936678940719973,0.4968570958146201,0.03175872107609612,-0.2461338361326345,0.625,0.4898705137832163,0.7257405832984741,0.0007995293594804145,0.5177356745094209
50,OTM Preferred,CW,90,EM,SH,3,D40,XS,IL,16.944686426349513,0.43463685760941817,0.643687197132813,0.8133411430463323,0.6370757180156658,0.3546304917358197,-0.32033450947011877,1.9550080546249051,383,47.875,-1.0,10,4,0.018276762402088774,0.16915696144470546,1.7178380343581623,4130.596447162329,-0.06718778769619038,-0.06672829452382012,0.09186960076946105,-0.025911121454785357,-0.0014883665405097668,2.513897723446019,2.4902302566365413,0.6335226651159926,0.5,0.7451792635127842,0.6160498203340445,0.01692884953476769,0.5120441073752201
49,OTM Preferred,CW,90,EM,SK,3,D40,XS,IL,16.944686426349513,0.43463685760941817,0.643687197132813,0.8133411430463323,0.6370757180156658,0.3546304917358197,-0.32033450947011877,1.9550080546249051,383,47.875,-1.0,10,4,0.018276762402088774,0.16915696144470546,1.7178380343581623,4130.596447162329,-0.06718778769619038,-0.06672829452382012,0.09186960076946105,-0.025911121454785357,-0.0014883665405097668,2.513897723446019,2.4902302566365413,0.6335226651159926,0.5,0.7451792635127842,0.6160498203340445,0.01692884953476769,0.5120441073752201
65,Strike Study,WP,85,EC,SH,3,D40,XB,IL,0.8027340005249388,0.076444036797783,0.631810241771258,0.34075819017374187,0.5412262156448203,0.25063958525343244,-0.2388257857806828,1.0911032629749262,473,59.125,-0.5,9,4,0.0,0.13202809525971732,0.7416128410576457,1617.612833314122,-0.08708466090220723,-0.13295719748934898,0.3214898501120793,0.33880603002854337,0.052846590004013816,1.0772316236467954,-0.347433056454732,-0.09210430621608046,0.5,0.5715437292073111,0.6369734413546609,0.0016825082516898078,0.47053299681051347
112,Aggressive,CR,85,ET,SA,5,D40,XS,IN,6.833100211607966,0.2934263680993341,0.9200847727789828,0.6300664588919092,0.5309859154929577,0.33533271056004404,-0.25164866514017814,1.6739409869138975,710,88.75,-1.0,29,5,0.005633802816901409,0.11543691372272437,1.4472871283701783,1325.5285618426433,0.1956119394073006,-0.500488433086616,-0.4415984576119838,0.014035894483886757,-0.35924510859236436,2.3752796744464044,0.992782036094275,4.047247381402421,0.625,0.6778408258599142,0.12912047288885464,0.00737828896586302,0.44639104438762894
116,Aggressive,CR,85,ET,SH,5,D40,XS,IL,15.87200062132117,0.4236257109412458,0.8218784276896589,0.7124739338054059,0.5272727272727272,0.36256480870080515,-0.23562496287943227,1.3308401760391,770,96.25,-1.0,28,4,0.003896103896103896,0.11642667882418084,1.7261829332150218,5415.66992711025,-0.3003357032070467,-0.4151559447224321,-0.10895673272471751,0.13790734476671362,-0.33522894956118465,22.983574036142794,1.6343481134615372,0.03376457318197357,0.5,0.7081188243581538,0.30213049809449455,0.01591568003447784,0.439843157713609
40,OTM Preferred,WP,90,EM,SH,3,D40,XS,IN,0.44499220365019143,0.04708801334709478,0.7265280179955284,0.29458940595409716,0.5720930232558139,0.24599750351603675,-0.2650929540317685,1.0568888552400506,430,53.75,-1.0,11,4,0.018604651162790697,0.17217626069128644,0.5824731316776078,1432.1687173316207,-0.0432282419805895,0.26674638862221145,-0.18383769001197814,0.5367357653000269,-0.1290236824926133,1.1127642661383859,-0.502827163475148,0.03767049259040833,0.5,0.5545804818716135,0.47010922461715565,0.0013446152024172812,0.43286865767169713
39,OTM Preferred,WP,90,EM,SK,3,D40,XS,IN,0.44499220365019143,0.04708801334709478,0.7265280179955284,0.29458940595409716,0.5720930232558139,0.24599750351603675,-0.2650929540317685,1.0568888552400506,430,53.75,-1.0,11,4,0.018604651162790697,0.17217626069128644,0.5824731316776078,1432.1687173316207,-0.0432282419805895,0.26674638862221145,-0.18383769001197814,0.5367357653000269,-0.1290236824926133,1.1127642661383859,-0.502827163475148,0.03767049259040833,0.5,0.5545804818716135,0.47010922461715565,0.0013446152024172812,0.43286865767169713
47,OTM Preferred,CW,85,ET,SK,3,D40,XS,IN,2.3966389767662295,0.16514821349129538,0.8078017258972684,0.4858035924083738,0.5255623721881391,0.3644683024913524,-0.2862009383257397,1.248374033527933,489,61.125,-1.0,18,4,0.012269938650306749,0.12010240653809107,1.346671817111275,1442.8071447806162,-0.2751833604790659,-0.4549421836421915,-0.0662117254978124,0.25160655623845596,-0.36905288444735584,4.214116320329912,0.8454385277992191,0.24491266561448777,0.5,0.624836036436075,0.32692941032056944,0.0031879778875495163,0.4220730878562651
31,OTM Preferred,WP,85,EM,SK,3,D40,XS,IN,-0.35976269272074,-0.05421456385446166,0.7265280179955284,0.0701530401874636,0.5545023696682464,0.23904916750819408,-0.28204772114099835,0.9172907624811661,422,52.75,-1.0,11,4,0.026066350710900472,0.17521162943977217,0.16105115744547,762.6628524186542,-0.0019751733242990843,-0.4798170513010205,0.009399816675341732,0.46734266722794615,-0.2375724149752062,1.1127642128492106,-0.502827163475148,0.03767049259040833,0.5,0.47211849704844433,0.47010922461715565,0.0005845108807325124,0.41213914581765215
32,OTM Preferred,WP,85,EM,SH,3,D40,XS,IN,-0.35976269272074,-0.05421456385446166,0.7265280179955284,0.0701530401874636,0.5545023696682464,0.23904916750819408,-0.28204772114099835,0.9172907624811661,422,52.75,-1.0,11,4,0.026066350710900472,0.17521162943977217,0.16105115744547,762.6628524186542,-0.0019751733242990843,-0.4798170513010205,0.009399816675341732,0.46734266722794615,-0.2375724149752062,1.1127642128492106,-0.502827163475148,0.03767049259040833,0.5,0.47211849704844433,0.47010922461715565,0.0005845108807325124,0.41213914581765215
33,OTM Preferred,WP,85,EM,SA,3,D40,XS,IN,-0.35976269272074,-0.05421456385446166,0.7265280179955284,0.0701530401874636,0.5545023696682464,0.23904916750819408,-0.28204772114099835,0.9172907624811661,422,52.75,-1.0,11,4,0.026066350710900472,0.17521162943977217,0.16105115744547,762.6628524186542,-0.0019751733242990843,-0.4798170513010205,0.009399816675341732,0.46734266722794615,-0.2375724149752062,1.1127642128492106,-0.502827163475148,0.03767049259040833,0.5,0.47211849704844433,0.47010922461715565,0.0005845108807325124,0.41213914581765215
89,IV Filter,CW,85,EC,SA,3,D40,XS,IL,2.1738040585777667,0.15530729037997926,0.8700762270710823,0.47299092791281927,0.5614406779661016,0.33423002558008186,-0.3051587368135556,1.2485658331102976,472,59.0,-0.5,11,4,0.0,0.13559722763291424,1.3337015010124256,1271.7052541378919,0.08555836237866976,-0.15925947425191356,-0.5731861174107604,0.006280251333782294,-0.2738824817467609,1.9575708686820041,3.167122652687115,-0.09540706835650903,0.5,0.6201284314917169,0.21722048053654608,0.002977506618469779,0.39892282997300893
110,Aggressive,MG,85,EM,SH,4,D40,XS,IN,-0.6929802109465559,-0.13722848899990814,0.9425927146911454,0.14542148116802522,0.5060728744939271,0.3728089212442486,-0.345155276364886,0.7996128660092895,494,61.75,-1.0,22,5,0.03643724696356275,0.13719601285400598,0.49579570097128983,385.64952667973847,0.04131360413048557,-0.6899664964337586,-0.5751071696238554,1.375028596245245,-0.6197854246409955,0.29995435466814846,0.19823589058341717,0.5850684705971096,0.625,0.49977348520778936,0.08946825292273708,0.0002697814186233775,0.3928774890992882
78,IV Filter,WP,85,EC,SH,3,D40,XS,IH,-0.20346072637526225,-0.02803438959261606,0.6564549772586755,0.03937846919056886,0.5276595744680851,0.20567828645425057,-0.21848707245263269,0.9501967949891688,470,58.75,-0.5,9,3,0.0,0.16045380667730447,0.14079772692814305,817.6399128592202,-0.04987124111488117,-0.2397847973620536,0.05087278246771598,-0.030549449343055812,-0.26355272948985253,0.4798586528795037,0.18039802004185024,-0.12750167555122638,0.375,0.4608113624055488,0.5935568341691854,0.0007321406753976752,0.38402402853653395
108,Aggressive,CR,85,EM,SH,4,D40,XS,IN,30.265807058944624,0.53774281129142,0.8844873304453701,0.841724510603243,0.6107784431137725,0.4523683918646311,-0.3757139680693666,1.9119444525114013,501,62.625,-1.0,10,3,0.015968063872255488,0.14610085417774624,2.049647531512887,4223.1508187158,-0.287969355282124,-0.5347485323859197,-0.1904882401538741,-0.0289524982773246,-0.3204118722626331,13.547567124952533,2.3043245657934963,3.008779899733401,0.375,0.7556078267124845,0.19183245336010601,0.02951086849256552,0.3816950776240272
82,IV Filter,WP,90,EC,SH,3,D40,XS,IN,-0.20699793570327318,-0.028574969326943034,0.6918019929656127,0.11201405413813305,0.5032822757111597,0.256854722622236,-0.23938012605037792,0.9652170529814126,457,57.125,-0.5,13,3,0.0,0.15629372633254004,0.2799463689301272,1039.8879616047088,-0.18038048466291745,0.44703991198282766,-0.2914431727281003,0.4584128321302787,-0.3223580948348642,0.9573651639745773,-0.47520609842124373,-0.06523590411931413,0.375,0.4874989915832377,0.5312860300491553,0.0007287997226317469,0.3782412738640353
52,OTM Preferred,WP,85,EC,SH,3,D40,XS,IN,-0.33386353040616423,-0.04951470693749327,0.6918019929656128,0.07773806961906927,0.5096359743040685,0.2587207794348418,-0.2536493282711946,0.9401296533675004,467,58.375,-0.5,13,3,0.0,0.1564081621403734,0.2074160265750598,917.3743629569015,-0.14504100076319504,0.26413158704224426,-0.29144317272810016,0.34438791307806516,-0.3223580948348642,0.9573651639745755,-0.4752060984212435,-0.06523590411931357,0.375,0.47490537420953116,0.5312860300491551,0.0006089730682781855,0.37507489552245554
51,OTM Preferred,WP,85,EC,SK,3,D40,XS,IN,-0.33386353040616423,-0.04951470693749327,0.6918019929656128,0.07773806961906927,0.5096359743040685,0.2587207794348418,-0.2536493282711946,0.9401296533675004,467,58.375,-0.5,13,3,0.0,0.1564081621403734,0.2074160265750598,917.3743629569015,-0.14504100076319504,0.26413158704224426,-0.29144317272810016,0.34438791307806516,-0.3223580948348642,0.9573651639745755,-0.4752060984212435,-0.06523590411931357,0.375,0.47490537420953116,0.5312860300491551,0.0006089730682781855,0.37507489552245554
76,IV Filter,WP,85,EC,SH,3,D40,XS,IN,-0.33386353040616423,-0.04951470693749327,0.6918019929656128,0.07773806961906927,0.5096359743040685,0.2587207794348418,-0.2536493282711946,0.9401296533675004,467,58.375,-0.5,13,3,0.0,0.1564081621403734,0.2074160265750598,917.3743629569015,-0.14504100076319504,0.26413158704224426,-0.29144317272810016,0.34438791307806516,-0.3223580948348642,0.9573651639745755,-0.4752060984212435,-0.06523590411931357,0.375,0.47490537420953116,0.5312860300491551,0.0006089730682781855,0.37507489552245554
41,OTM Preferred,WP,90,EM,SA,3,D40,XS,IL,-0.291221611636565,-0.04211403862420893,0.7134862548126746,0.10042476265073036,0.5243619489559165,0.24772860016911175,-0.2483122415139878,0.9286537168552595,431,53.875,-1.0,15,3,0.0069605568445475635,0.16683700778538701,0.27927712961994133,718.9251269879073,-0.1938894634254057,-0.049754708071252485,-0.35388267638191473,0.13034488316757353,-0.053074059663061224,0.7872359602791983,-0.2232252857329261,0.012709526120619374,0.375,0.48324087603462296,0.49308488647423065,0.0006492490664583364,0.36952458366347063
48,OTM Preferred,CW,85,ET,SH,3,D40,XS,IL,2.6376752334849867,0.17517620809222323,0.8558150212047653,0.5109490900107586,0.5519348268839104,0.3076524794901673,-0.26718795614023627,1.318955913726223,491,61.375,-1.0,9,3,0.008146639511201629,0.1291543492528948,1.1960101084860986,1400.9021330401808,-0.2551673318954454,-0.2778289568278698,-0.39683513498982825,-0.009981913408079635,-0.21922727979239354,6.635463001021835,0.7525861717549989,0.035365249037875524,0.375,0.6340749475839009,0.24234443341505063,0.0034156406221794644,0.3574999696723123
102,Kelly Sizing,WP,90,EC,SF,3,D40,XS,IL,-0.6140351822082941,-0.11219320460087367,0.7477597507357425,-0.12889980359577097,0.4977578475336323,0.23943265867542693,-0.24990083780978803,0.8652345704358759,446,55.75,-0.5,15,3,0.0,0.15864820404045138,-0.18565765614169916,775.9962954564393,-0.11469796841102575,-0.1546236669839658,0.2080894035964891,0.07407777134016236,-0.4556848401271233,0.6247876562791042,-0.4284600317444146,-0.22205241785121999,0.375,0.3989828778407749,0.4327053011415106,0.00034434630513737347,0.33633843163426647
99,Kelly Sizing,WP,90,EC,SK,3,D40,XS,IL,-0.6140351822082941,-0.11219320460087367,0.7477597507357425,-0.12889980359577097,0.4977578475336323,0.23943265867542693,-0.24990083780978803,0.8652345704358759,446,55.75,-0.5,15,3,0.0,0.15864820404045138,-0.18565765614169916,775.9962954564393,-0.11469796841102575,-0.1546236669839658,0.2080894035964891,0.07407777134016236,-0.4556848401271233,0.6247876562791042,-0.4284600317444146,-0.22205241785121999,0.375,0.3989828778407749,0.4327053011415106,0.00034434630513737347,0.33633843163426647
101,Kelly Sizing,WP,90,EC,SA,3,D40,XS,IL,-0.6140351822082941,-0.11219320460087367,0.7477597507357425,-0.12889980359577097,0.4977578475336323,0.23943265867542693,-0.24990083780978803,0.8652345704358759,446,55.75,-0.5,15,3,0.0,0.15864820404045138,-0.18565765614169916,775.9962954564393,-0.11469796841102575,-0.1546236669839658,0.2080894035964891,0.07407777134016236,-0.4556848401271233,0.6247876562791042,-0.4284600317444146,-0.22205241785121999,0.375,0.3989828778407749,0.4327053011415106,0.00034434630513737347,0.33633843163426647
55,OTM Preferred,WP,90,EC,SH,3,D40,XS,IL,-0.6140351822082941,-0.11219320460087367,0.7477597507357425,-0.12889980359577097,0.4977578475336323,0.23943265867542693,-0.24990083780978803,0.8652345704358759,446,55.75,-0.5,15,3,0.0,0.15864820404045138,-0.18565765614169916,775.9962954564393,-0.11469796841102575,-0.1546236669839658,0.2080894035964891,0.07407777134016236,-0.4556848401271233,0.6247876562791042,-0.4284600317444146,-0.22205241785121999,0.375,0.3989828778407749,0.4327053011415106,0.00034434630513737347,0.33633843163426647
54,OTM Preferred,WP,90,EC,SK,3,D40,XS,IL,-0.6140351822082941,-0.11219320460087367,0.7477597507357425,-0.12889980359577097,0.4977578475336323,0.23943265867542693,-0.24990083780978803,0.8652345704358759,446,55.75,-0.5,15,3,0.0,0.15864820404045138,-0.18565765614169916,775.9962954564393,-0.11469796841102575,-0.1546236669839658,0.2080894035964891,0.07407777134016236,-0.4556848401271233,0.6247876562791042,-0.4284600317444146,-0.22205241785121999,0.375,0.3989828778407749,0.4327053011415106,0.00034434630513737347,0.33633843163426647
100,Kelly Sizing,WP,90,EC,SH,3,D40,XS,IL,-0.6140351822082941,-0.11219320460087367,0.7477597507357425,-0.12889980359577097,0.4977578475336323,0.23943265867542693,-0.24990083780978803,0.8652345704358759,446,55.75,-0.5,15,3,0.0,0.15864820404045138,-0.18565765614169916,775.9962954564393,-0.11469796841102575,-0.1546236669839658,0.2080894035964891,0.07407777134016236,-0.4556848401271233,0.6247876562791042,-0.4284600317444146,-0.22205241785121999,0.375,0.3989828778407749,0.4327053011415106,0.00034434630513737347,0.33633843163426647
83,IV Filter,WP,90,EC,SH,3,D40,XS,IL,-0.6140351822082941,-0.11219320460087367,0.7477597507357425,-0.12889980359577097,0.4977578475336323,0.23943265867542693,-0.24990083780978803,0.8652345704358759,446,55.75,-0.5,15,3,0.0,0.15864820404045138,-0.18565765614169916,775.9962954564393,-0.11469796841102575,-0.1546236669839658,0.2080894035964891,0.07407777134016236,-0.4556848401271233,0.6247876562791042,-0.4284600317444146,-0.22205241785121999,0.375,0.3989828778407749,0.4327053011415106,0.00034434630513737347,0.33633843163426647
34,OTM Preferred,WP,85,EM,SK,3,D40,XS,IL,-0.5612896652083723,-0.09786354436112832,0.7772814773466744,-0.03107228868680685,0.5190156599552572,0.23369397825493227,-0.2525146453964145,0.8163544412161826,447,55.875,-1.0,12,3,0.013422818791946308,0.1639452691058752,-0.004261647405992449,506.7273785959222,-0.3497201807251229,-0.22818107903076534,-0.3538826763819143,0.42150358839275426,-0.36628709607377197,0.9445485767991506,-0.22322528573292555,0.012709526120620263,0.375,0.43492647825577796,0.38069690330911243,0.00039416531910291085,0.33493012502363245
35,OTM Preferred,WP,85,EM,SH,3,D40,XS,IL,-0.5612896652083723,-0.09786354436112832,0.7772814773466744,-0.03107228868680685,0.5190156599552572,0.23369397825493227,-0.2525146453964145,0.8163544412161826,447,55.875,-1.0,12,3,0.013422818791946308,0.1639452691058752,-0.004261647405992449,506.7273785959222,-0.3497201807251229,-0.22818107903076534,-0.3538826763819143,0.42150358839275426,-0.36628709607377197,0.9445485767991506,-0.22322528573292555,0.012709526120620263,0.375,0.43492647825577796,0.38069690330911243,0.00039416531910291085,0.33493012502363245
53,OTM Preferred,WP,85,EC,SA,3,D40,XS,IL,-0.4489797061917108,-0.07179062771295497,0.6683834479664007,-0.018251655599518395,0.5285412262156448,0.22064020014529603,-0.24794054780614022,0.8881376270323232,473,59.125,-0.5,9,2,0.0,0.16142952776443903,-0.00774171148758216,690.6714536637576,-0.3366583626578836,-0.17470846130820483,-0.015527642372214379,0.09351803364826816,-0.2151941122190424,1.0854922945234362,-0.2736095168288136,-0.2220524178512201,0.25,0.4396370110050325,0.5725424586119727,0.0005002439345941247,0.3244927810638418
91,Kelly Sizing,WP,85,EC,SK,3,D40,XS,IL,-0.4489797061917108,-0.07179062771295497,0.6683834479664007,-0.018251655599518395,0.5285412262156448,0.22064020014529603,-0.24794054780614022,0.8881376270323232,473,59.125,-0.5,9,2,0.0,0.16142952776443903,-0.00774171148758216,690.6714536637576,-0.3366583626578836,-0.17470846130820483,-0.015527642372214379,0.09351803364826816,-0.2151941122190424,1.0854922945234362,-0.2736095168288136,-0.2220524178512201,0.25,0.4396370110050325,0.5725424586119727,0.0005002439345941247,0.3244927810638418
94,Kelly Sizing,WP,85,EC,SF,3,D40,XS,IL,-0.4489797061917108,-0.07179062771295497,0.6683834479664007,-0.018251655599518395,0.5285412262156448,0.22064020014529603,-0.24794054780614022,0.8881376270323232,473,59.125,-0.5,9,2,0.0,0.16142952776443903,-0.00774171148758216,690.6714536637576,-0.3366583626578836,-0.17470846130820483,-0.015527642372214379,0.09351803364826816,-0.2151941122190424,1.0854922945234362,-0.2736095168288136,-0.2220524178512201,0.25,0.4396370110050325,0.5725424586119727,0.0005002439345941247,0.3244927810638418
93,Kelly Sizing,WP,85,EC,SA,3,D40,XS,IL,-0.4489797061917108,-0.07179062771295497,0.6683834479664007,-0.018251655599518395,0.5285412262156448,0.22064020014529603,-0.24794054780614022,0.8881376270323232,473,59.125,-0.5,9,2,0.0,0.16142952776443903,-0.00774171148758216,690.6714536637576,-0.3366583626578836,-0.17470846130820483,-0.015527642372214379,0.09351803364826816,-0.2151941122190424,1.0854922945234362,-0.2736095168288136,-0.2220524178512201,0.25,0.4396370110050325,0.5725424586119727,0.0005002439345941247,0.3244927810638418
57,Strike Study,WP,85,EC,SH,3,D40,XS,IL,-0.4489797061917108,-0.07179062771295497,0.6683834479664007,-0.018251655599518395,0.5285412262156448,0.22064020014529603,-0.24794054780614022,0.8881376270323232,473,59.125,-0.5,9,2,0.0,0.16142952776443903,-0.00774171148758216,690.6714536637576,-0.3366583626578836,-0.17470846130820483,-0.015527642372214379,0.09351803364826816,-0.2151941122190424,1.0854922945234362,-0.2736095168288136,-0.2220524178512201,0.25,0.4396370110050325,0.5725424586119727,0.0005002439345941247,0.3244927810638418
92,Kelly Sizing,WP,85,EC,SH,3,D40,XS,IL,-0.4489797061917108,-0.07179062771295497,0.6683834479664007,-0.018251655599518395,0.5285412262156448,0.22064020014529603,-0.24794054780614022,0.8881376270323232,473,59.125,-0.5,9,2,0.0,0.16142952776443903,-0.00774171148758216,690.6714536637576,-0.3366583626578836,-0.17470846130820483,-0.015527642372214379,0.09351803364826816,-0.2151941122190424,1.0854922945234362,-0.2736095168288136,-0.2220524178512201,0.25,0.4396370110050325,0.5725424586119727,0.0005002439345941247,0.3244927810638418
77,IV Filter,WP,85,EC,SH,3,D40,XS,IL,-0.4489797061917108,-0.07179062771295497,0.6683834479664007,-0.018251655599518395,0.5285412262156448,0.22064020014529603,-0.24794054780614022,0.8881376270323232,473,59.125,-0.5,9,2,0.0,0.16142952776443903,-0.00774171148758216,690.6714536637576,-0.3366583626578836,-0.17470846130820483,-0.015527642372214379,0.09351803364826816,-0.2151941122190424,1.0854922945234362,-0.2736095168288136,-0.2220524178512201,0.25,0.4396370110050325,0.5725424586119727,0.0005002439345941247,0.3244927810638418
105,Kelly Sizing,CW,85,EC,SA,4,D40,XS,IL,1.1838668680154245,0.1025626336251193,0.9368604070262179,0.4043276320094521,0.5697278911564626,0.28863063424023666,-0.2921007436897512,1.1803724486517007,588,73.5,-0.5,13,3,0.0,0.13200812913781695,1.0361554457612359,903.5570484379717,-0.03434581648033164,-0.3514375555722077,-0.5002948332379915,-0.030401764244680107,-0.5941131952877697,3.6732155528279327,1.8538761395009824,0.3296842865396883,0.375,0.5949002932381345,0.09956685391123277,0.0020424945543790385,0.3189448182749371
104,Kelly Sizing,CW,85,EC,SH,4,D40,XS,IL,1.1838668680154245,0.1025626336251193,0.9368604070262179,0.4043276320094521,0.5697278911564626,0.28863063424023666,-0.2921007436897512,1.1803724486517007,588,73.5,-0.5,13,3,0.0,0.13200812913781695,1.0361554457612359,903.5570484379717,-0.03434581648033164,-0.3514375555722077,-0.5002948332379915,-0.030401764244680107,-0.5941131952877697,3.6732155528279327,1.8538761395009824,0.3296842865396883,0.375,0.5949002932381345,0.09956685391123277,0.0020424945543790385,0.3189448182749371
103,Kelly Sizing,CW,85,EC,SK,4,D40,XS,IL,1.1838668680154245,0.1025626336251193,0.9368604070262179,0.4043276320094521,0.5697278911564626,0.28863063424023666,-0.2921007436897512,1.1803724486517007,588,73.5,-0.5,13,3,0.0,0.13200812913781695,1.0361554457612359,903.5570484379717,-0.03434581648033164,-0.3514375555722077,-0.5002948332379915,-0.030401764244680107,-0.5941131952877697,3.6732155528279327,1.8538761395009824,0.3296842865396883,0.375,0.5949002932381345,0.09956685391123277,0.0020424945543790385,0.3189448182749371
109,Aggressive,MG,85,EM,SH,4,D30,XS,IN,-0.859595475444429,-0.21761117646878436,0.9580017268586052,-0.057896238149833905,0.4472168905950096,0.3145991754352472,-0.2689017109631961,0.5878191798744705,521,65.125,-1.0,26,3,0.011516314779270634,0.1642071769023018,-0.17054908856229398,258.97406177688714,-0.3230734756593704,-0.6822246080862319,-0.584107977608382,1.0495640005016607,-0.6967203143076182,0.6564507973692397,0.6570367390488956,-0.0904057454448397,0.375,0.4250708735013437,0.062322210769743314,0.00011241054312501912,0.26874902211075336
111,Aggressive,CR,85,ET,SH,5,D30,XS,IN,-0.46494608188332465,-0.07519601261511866,0.9615144178030877,0.20009334559624253,0.46765498652291104,0.2915764272853372,-0.22038437623715978,0.8274750576563075,742,92.75,-1.0,29,2,0.0026954177897574125,0.13636835428831365,0.40875800088574366,283.5679234450296,-0.4240904346845702,-0.4734809816795841,-0.5420354960348058,-0.3072521291844351,-0.5323535516849471,3.7056444180317465,-0.11520307702987442,1.8933282931902684,0.25,0.5198609181838774,0.05613390645710681,0.0004851634284430388,0.24126478535165716
115,Aggressive,MG,85,EM,SA,4,D30,XS,IL,-0.8870043660580199,-0.23856522401472702,0.9563624809401226,-0.1454855248073728,0.4221014492753623,0.301460040905219,-0.2437167761118126,0.6294614880240412,552,69.0,-1.0,15,2,0.021739130434782608,0.16254743061164323,-0.30353716386654755,279.5387101907311,-0.25105008137760687,-0.4950820471496967,-0.5566899396761775,-0.48516674165075013,-0.4231939792636159,2.275358489477294,0.04252508093319762,-0.37987691517161093,0.25,0.3928889835373244,0.06521006875302304,8.652239220860298e-05,0.211277237993767
107,Aggressive,CR,85,EM,SA,4,D30,XS,IN,-0.8641088546325632,-0.220800087876037,0.972744016398628,-0.10785275034457177,0.5190380761523046,0.2788917786007852,-0.3254686771291324,0.4849913807116768,499,62.375,-1.0,16,2,0.018036072144288578,0.17998318294934762,-0.23658157434091048,176.06487062309697,-0.6695641107444545,-0.5625096311359756,-0.4714756609423474,-0.3032353276238179,-0.4626060416254021,3.262442488334699,-0.04030396789165236,0.2372103937637613,0.25,0.40671594632031643,0.036350733238548094,0.00010814758176650686,0.2089653553650537
106,Aggressive,CR,85,EM,SH,4,D30,XS,IN,-0.8641088546325632,-0.220800087876037,0.972744016398628,-0.10785275034457177,0.5190380761523046,0.2788917786007852,-0.3254686771291324,0.4849913807116768,499,62.375,-1.0,16,2,0.018036072144288578,0.17998318294934762,-0.23658157434091048,176.06487062309697,-0.6695641107444545,-0.5625096311359756,-0.4714756609423474,-0.3032353276238179,-0.4626060416254021,3.262442488334699,-0.04030396789165236,0.2372103937637613,0.25,0.40671594632031643,0.036350733238548094,0.00010814758176650686,0.2089653553650537
38,OTM Preferred,WP,85,ET,SA,3,D40,XS,IL,-0.8475294432871231,-0.20950660001994614,0.8799746464743854,-0.526164893890414,0.5028248587570622,0.18543882730884526,-0.23916490610698557,0.7082080023496163,531,66.375,-1.0,12,2,0.005649717514124294,0.12913559193262658,-1.0460011151051831,437.05687814976307,-0.2178545520731372,-0.2325106669660787,-0.3740463816576851,0.10496768038096849,-0.3292987923983699,0.19299803751355404,-0.22391940409543654,-0.36822589917706783,0.25,0.253020490084441,0.19978244444118154,0.000123807110240938,0.20323018247588268
72,Strike Study,WP,90,EC,SH,3,D30,XN,IL,-0.8670761602887886,-0.2229475040690294,0.8930955620600238,-0.5407749916204759,0.43735763097949887,0.1981150488519908,-0.21518819561243874,0.6938066443254541,439,54.875,-0.5,12,2,0.0,0.14249768130747267,-1.086638275641987,523.5537595132971,-0.2593095644230641,-0.15509860242682627,0.0076474066186356104,-0.3296581070616543,-0.21060947926340257,0.4861599758205033,-0.4121071842142393,-0.546851265385035,0.25,0.24765247562222992,0.17666733987102723,0.00010534491245287144,0.19726238861663087
60,Strike Study,WP,85,EC,SH,3,D30,XN,IL,-0.7803074926874332,-0.17257830163765797,0.8051103019041522,-0.3790597008259578,0.4883227176220807,0.16746348025426513,-0.20500845125418646,0.6771300430394717,471,58.875,-0.5,8,1,0.0,0.14065975748132947,-0.6658107904953413,468.74866649539416,-0.40932498675272044,-0.20193277194199732,-0.02152461609494216,-0.03702716725513455,-0.3077880152889102,0.6912647996294108,-0.3737603711328372,-0.3135467430941786,0.125,0.3070696017622865,0.33167088942219536,0.0001872993553870341,0.19312967322831873
113,Aggressive,MG,85,ET,SH,5,D30,XS,IN,-0.9742748773630778,-0.3671588927533652,0.9933779227195574,-0.2471194029505781,0.40878828229027964,0.2632780898388216,-0.223794737337174,0.4481046196016902,751,93.875,-1.0,26,2,0.002663115845539281,0.12215292427729334,-0.8118235187307921,160.83607525942796,-0.5240500247327942,-0.44475370294929517,-0.6451232960075693,0.03139836519917738,-0.7700027334368102,-0.12518224120342503,-0.5278443807258608,1.843591975248403,0.25,0.355546856345338,0.0,4.093949588679243e-06,0.1888873281787728
43,OTM Preferred,WP,90,ET,SH,3,D40,XS,IL,-0.756325661807197,-0.1617931138208507,0.8476502988778442,-0.35682959830792826,0.5028790786948176,0.19791829375767098,-0.23307316551139845,0.7945048142469631,521,65.125,-1.0,18,1,0.003838771593090211,0.12667893282394158,-0.6106942086147761,566.9797596824243,-0.10699971554210608,-0.1048090101885728,-0.2469250691537631,-0.08661257158456126,-0.28210547943498254,0.29162761491032096,-0.2084449556728094,-0.3682258991770674,0.125,0.31523734396483716,0.25672821701164883,0.0002099505916531117,0.18018647198228704
42,OTM Preferred,WP,90,ET,SK,3,D40,XS,IL,-0.756325661807197,-0.1617931138208507,0.8476502988778442,-0.35682959830792826,0.5028790786948176,0.19791829375767098,-0.23307316551139845,0.7945048142469631,521,65.125,-1.0,18,1,0.003838771593090211,0.12667893282394158,-0.6106942086147761,566.9797596824243,-0.10699971554210608,-0.1048090101885728,-0.2469250691537631,-0.08661257158456126,-0.28210547943498254,0.29162761491032096,-0.2084449556728094,-0.3682258991770674,0.125,0.31523734396483716,0.25672821701164883,0.0002099505916531117,0.18018647198228704
36,OTM Preferred,WP,85,ET,SK,3,D40,XS,IN,-0.9182356536843389,-0.2687422259497054,0.9456697333055739,-0.6868865514784189,0.48098859315589354,0.19424215079818438,-0.2494836831982849,0.5563681028644641,526,65.75,-1.0,14,2,0.009505703422053232,0.1264382881521749,-1.6327283954725265,290.92405650624374,-0.2748378039187158,-0.5070165188490603,-0.4603874917601174,0.016338933145651824,-0.3648720295934068,0.24939195493886213,-0.4585942252164814,-0.03591438762686061,0.25,0.19396844277693198,0.0840474721416552,5.702392403699312e-05,0.1653101587111696
37,OTM Preferred,WP,85,ET,SH,3,D40,XS,IN,-0.9182356536843389,-0.2687422259497054,0.9456697333055739,-0.6868865514784189,0.48098859315589354,0.19424215079818438,-0.2494836831982849,0.5563681028644641,526,65.75,-1.0,14,2,0.009505703422053232,0.1264382881521749,-1.6327283954725265,290.92405650624374,-0.2748378039187158,-0.5070165188490603,-0.4603874917601174,0.016338933145651824,-0.3648720295934068,0.24939195493886213,-0.4585942252164814,-0.03591438762686061,0.25,0.19396844277693198,0.0840474721416552,5.702392403699312e-05,0.1653101587111696
64,Strike Study,WP,85,EC,SH,3,D30,XB,IL,-0.8892696380411,-0.24049027348306729,0.9010278587535617,-0.6202005054276335,0.4224137931034483,0.19060128440634386,-0.20367037987470954,0.5637651014296888,464,58.0,-0.5,13,1,0.0,0.1562815020046855,-1.0665495643711005,354.7307769221178,-0.4045556279301864,-0.2146797746220448,-0.3508646353749527,-0.05423164910395717,-0.332693547797123,0.5813635270669062,-0.37896213666893086,-0.40123469791269173,0.125,0.21847010363110428,0.16269302029280275,8.438280532084952e-05,0.13716878738713473
114,Aggressive,CR,85,EM,SH,4,D30,XS,IL,-0.9376177674677153,-0.2930599046232554,0.957759633715428,-0.47043065769213394,0.46963562753036436,0.22703648820379888,-0.2709793886659377,0.4884317727972518,494,61.75,-1.0,14,1,0.018218623481781375,0.1848280264714049,-0.849802385397152,252.87060936239823,-0.5119459509104786,-0.35002260413090647,-0.3681180806154922,-0.37505948791549626,-0.5921482668500311,1.7101724670973066,-0.04881423532860241,-0.509708914481092,0.125,0.27349825768602615,0.06274870603097205,3.871719671347301e-05,0.13093011320720796
56,Strike Study,WP,85,EC,SH,3,D30,XS,IL,-0.9786093165748992,-0.38158775185172666,0.9806197243005768,-1.2148094781896899,0.350561797752809,0.20274597088712076,-0.2244898940988559,0.3619203094585705,445,55.625,-0.5,23,1,0.0,0.18825471010070435,-2.2927775499573864,234.3311519468558,-0.48470698407046553,-0.2921527045004857,-0.4665640191550746,-0.38035755068824006,-0.41859360922192146,0.5257254455597851,-0.5460826385702122,-0.542809334648191,0.125,0.0,0.022476106080912994,0.0,0.0544952212161826
